sample_binID	binner	pass.MIMAG_medium	pass.MIMAG_high	pass.GUNC	pass.Polyrate	GTDBlineage	SGBtype	SGBlineage	checkM.genome_size	checkM.GC	GUNC.n_contigs	checkM.N50_contigs	checkM.coding_density	meanCov	breadth	checkM.lineage	checkM.completeness	checkM.contamination	checkM.strain_heterogeneity	checkM2.completeness	checkM2.contamination	GUNC.divergence_level	GUNC.CSS	GUNC.contamination_portion	polyrate
ERSX0002001-megahit_001	binsBC	True	False	True	True	d__Bacteria;p__Pseudomonadota;c__Gammaproteobacteria;o__Burkholderiales;f__Burkholderiaceae_B;g__Brachymonas;s__	kSGB_12664	k__Bacteria|p__Proteobacteria|c__Betaproteobacteria|o__Burkholderiales|f__Comamonadaceae|g__Ottowia|s__Ottowia_sp_Marseille_P4747|t__SGB12664	1430161	55.7000	390	4079	83.9000	20.2659	0.9987	o__Burkholderiales (UID4000)	71.3500	1.9100	50.0000	66.6000	1.3300	order	0.3200	0.0500	0.0017
ERSX0002001-megahit_002	binsBC	False	False	True	True	d__Bacteria;p__Bacillota;c__Bacilli;o__Lactobacillales;f__Aerococcaceae;g__Abiotrophia;s__Abiotrophia sp001815865	kSGB_8236	k__Bacteria|p__Firmicutes|c__Bacilli|o__Lactobacillales|f__Aerococcaceae|g__Abiotrophia|s__Abiotrophia_sp_HMSC24B09|t__SGB8236	1080672	47.4000	259	4883	90.4000	36.2073	0.9986	k__Bacteria (UID203)	29.3100	3.4500	100.0000	43.3500	3.9000	kingdom	0.0000	0.0000	0.0028
ERSX0002001-megahit_003	binsA	True	False	True	True	d__Bacteria;p__Patescibacteria;c__Microgenomatia;o__UBA1400;f__PJMF01;g__;s__	uSGB_25658	k__Bacteria|p__Actinobacteria|c__CFGB5719|o__OFGB5719|f__FGB5719|g__GGB17052|s__GGB17052_SGB25658|t__SGB25658	833584	39.8000	19	76987	91.0100	76.8263	1.0000	k__Bacteria (UID1453)	57.6900	0.0000	0.0000	95.8900	0.2000	class	0.0200	0.4700	0.0001
ERSX0002001-megahit_004	binsB	True	False	True	True	d__Bacteria;p__Actinomycetota;c__Actinomycetia;o__Actinomycetales;f__Actinomycetaceae;g__Actinomyces;s__	kSGB_15882	k__Bacteria|p__Actinobacteria|c__Actinobacteria|o__Actinomycetales|f__Actinomycetaceae|g__Actinomyces|s__Actinomyces_oris|t__SGB15882	2086763	71.3000	582	4081	89.6500	40.2314	0.9990	k__Bacteria (UID203)	53.6500	0.0000	0.0000	61.5600	2.0900	order	0.2900	0.0300	0.0011
ERSX0002001-megahit_005	binsC	True	False	True	True	d__Bacteria;p__Bacillota_A;c__Clostridia;o__Peptostreptococcales;f__Anaerovoracaceae;g__JAIKWW01;s__	kSGB_3920	k__Bacteria|p__Firmicutes|c__Clostridia|o__Clostridiales|f__Clostridiales_Family_XIII_Incertae_Sedis|g__Mogibacterium|s__Mogibacterium_timidum|t__SGB3920	1145768	37.9000	232	5805	88.2900	15.9750	0.9987	o__Clostridiales (UID1120)	85.1500	1.6300	83.3300	84.8900	1.9800	family	0.1100	0.5700	0.0027
ERSX0002001-megahit_006	binsBC	True	False	True	True	d__Bacteria;p__Bacillota_A;c__Clostridia;o__Peptostreptococcales;f__Anaerovoracaceae;g__Eubacterium_N;s__Eubacterium_N saphenum	kSGB_3945	k__Bacteria|p__Firmicutes|c__Clostridia|o__Clostridiales|f__Clostridiales_Family_XIII_Incertae_Sedis|g__Clostridiales_Family_XIII_Incertae_Sedis_unclassified|s__Eubacterium_saphenum|t__SGB3945	612847	40.7000	100	7326	92.4900	218.1290	1.0000	o__Clostridiales (UID1120)	65.6300	2.0100	75.0000	73.4900	0.3900	kingdom	0.0000	0.0000	0.0021
ERSX0002001-megahit_007	binsAB	True	False	True	False	d__Bacteria;p__Actinomycetota;c__Actinomycetia;o__Propionibacteriales;f__Propionibacteriaceae;g__Arachnia;s__Arachnia propionica	kSGB_15897	k__Bacteria|p__Actinobacteria|c__Actinobacteria|o__Propionibacteriales|f__Propionibacteriaceae|g__Pseudopropionibacterium|s__Pseudopropionibacterium_propionicum|t__SGB15897	2764361	66.7000	807	3717	90.0300	98.6375	0.9990	o__Actinomycetales (UID1697)	77.4800	7.4700	52.3800	80.8200	7.6300	genus	0.1600	0.0300	0.0073
ERSX0002001-megahit_008	binsABC	True	False	True	True	d__Bacteria;p__Patescibacteria;c__Saccharimonadia;o__Saccharimonadales;f__Nanosynbacteraceae;g__Nanosynbacter;s__	uSGB_19889	k__Bacteria|p__Candidatus_Saccharibacteria|c__Candidatus_Saccharibacteria_unclassified|o__Candidatus_Saccharibacteria_unclassified|f__Candidatus_Saccharibacteria_unclassified|g__GGB12796|s__GGB12796_SGB19889|t__SGB19889	741127	46.2000	12	86917	92.8400	107.2667	1.0000	k__Bacteria (UID1452)	65.1200	0.0000	0.0000	95.3000	0.5600	phylum	0.0600	0.0800	0.0001
ERSX0002001-megahit_009	binsC	True	False	True	True	d__Bacteria;p__Bacillota_A;c__Clostridia;o__Tissierellales;f__Peptoniphilaceae;g__;s__	kSGB_6652	k__Bacteria|p__Firmicutes|c__Tissierellia|o__Tissierellales|f__Peptoniphilaceae|g__Parvimonas|s__Parvimonas_sp_oral_taxon_393|t__SGB6652	965300	31.0000	25	89123	91.5600	83.5040	1.0000	o__Clostridiales (UID1125)	87.8000	0.0000	0.0000	86.7800	0.0700	class	0.0400	0.4700	0.0013
ERSX0002001-megahit_010	binsABC	True	False	True	True	d__Bacteria;p__Bacillota_A;c__Clostridia;o__Peptostreptococcales;f__Anaerovoracaceae;g__RUG100;s__	uSGB_20562	k__Bacteria|p__Firmicutes|c__CFGB4558|o__OFGB4558|f__FGB4558|g__GGB13316|s__GGB13316_SGB20562|t__SGB20562	1123343	43.6000	234	5490	90.7900	13.2026	0.9991	k__Bacteria (UID203)	73.3700	0.0000	0.0000	71.4900	0.5900	family	0.0800	0.6200	0.0025
ERSX0002001-megahit_011	binsAC	True	True	True	True	d__Bacteria;p__Bacillota_A;c__Clostridia;o__Peptostreptococcales;f__Anaerovoracaceae;g__Mogibacterium;s__Mogibacterium timidum	kSGB_3920	k__Bacteria|p__Firmicutes|c__Clostridia|o__Clostridiales|f__Clostridiales_Family_XIII_Incertae_Sedis|g__Mogibacterium|s__Mogibacterium_timidum|t__SGB3920	1420432	45.9000	192	10522	88.4200	23.4203	0.9989	o__Clostridiales (UID1120)	95.7200	2.1500	100.0000	88.6600	2.2500	kingdom	0.0000	0.0000	0.0019
ERSX0002001-megahit_012	binsC	True	False	True	True	d__Bacteria;p__Bacillota_A;c__Clostridia;o__Lachnospirales;f__Lachnospiraceae;g__Butyrivibrio;s__	uSGB_65984	k__Bacteria|p__Firmicutes|c__Clostridia|o__Clostridiales|f__Lachnospiraceae|g__Lachnospiraceae_unclassified|s__Lachnospiraceae_unclassified_SGB65984|t__SGB65984	2005881	41.5000	180	17923	90.1500	35.2873	0.9996	f__Lachnospiraceae (UID1255)	83.5500	0.0300	100.0000	91.2200	2.4600	genus	0.2200	0.3400	0.0029
ERSX0002001-megahit_013	binsABC	True	False	True	False	d__Bacteria;p__Pseudomonadota;c__Gammaproteobacteria;o__Burkholderiales;f__Neisseriaceae;g__Neisseria;s__	kSGB_9464	k__Bacteria|p__Proteobacteria|c__Betaproteobacteria|o__Neisseriales|f__Neisseriaceae|g__Neisseria|s__Neisseria_mucosa|t__SGB9464	1404362	51.1000	443	3326	82.7100	39.8512	0.9989	k__Bacteria (UID203)	51.0300	0.8600	100.0000	55.4900	0.3700	kingdom	0.0000	0.0000	0.0056
ERSX0002001-megahit_014	binsC	True	False	True	True	d__Bacteria;p__Bacillota_A;c__Clostridia;o__Peptostreptococcales;f__Peptostreptococcaceae;g__Peptostreptococcus;s__Peptostreptococcus stomatis	kSGB_748	k__Bacteria|p__Firmicutes|c__Clostridia|o__Clostridiales|f__Peptostreptococcaceae|g__Peptostreptococcus|s__Peptostreptococcus_stomatis|t__SGB748	1252892	37.9000	536	2708	89.2400	9.6706	0.9976	o__Clostridiales (UID1120)	78.7800	2.3900	50.0000	75.6600	2.3600	kingdom	0.0000	0.0000	0.0035
ERSX0002001-megahit_015	binsBC	True	True	True	True	d__Bacteria;p__Bacillota_A;c__Clostridia;o__Peptostreptococcales;f__Anaerovoracaceae;g__;s__	kSGB_3924	k__Bacteria|p__Firmicutes|c__Clostridia|o__Clostridiales|f__Clostridiales_Family_XIII_Incertae_Sedis|g__Mogibacterium|s__Mogibacterium_pumilum|t__SGB3924	1378728	38.4000	24	149531	91.7400	70.3458	0.9999	o__Clostridiales (UID1120)	95.7400	1.0900	33.3300	83.6600	0.1400	class	0.1500	0.0800	0.0001
ERSX0002001-megahit_016	binsA	True	True	True	True	d__Bacteria;p__Chloroflexota;c__Anaerolineae;o__Anaerolineales;f__Anaerolineaceae;g__Flexilinea;s__Flexilinea sp001717545	kSGB_17621	k__Bacteria|p__Chloroflexi|c__Anaerolineae|o__Anaerolineales|f__Anaerolineaceae|g__Anaerolineaceae_unclassified|s__Anaerolineaceae_bacterium_oral_taxon_439|t__SGB17621	2927798	54.8000	61	74999	90.8300	59.2951	0.9999	k__Bacteria (UID1452)	91.8200	4.3900	33.3300	99.7500	0.9700	class	0.2500	0.0300	0.0005
ERSX0002001-megahit_017	binsC	True	True	True	True	d__Bacteria;p__Desulfobacterota;c__Desulfobulbia;o__Desulfobulbales;f__Desulfobulbaceae;g__Desulfobulbus;s__Desulfobulbus oralis	kSGB_8831	k__Bacteria|p__Proteobacteria|c__Deltaproteobacteria|o__Desulfobacterales|f__Desulfobulbaceae|g__Desulfobulbus|s__Desulfobulbus_oralis|t__SGB8831	2663963	59.8000	107	46123	87.1800	371.6436	1.0000	c__Deltaproteobacteria (UID3217)	96.4300	0.0000	0.0000	99.9700	0.2000	genus	0.2500	0.2100	0.0001
ERSX0002001-megahit_018	binsBC	True	False	True	False	d__Bacteria;p__Fusobacteriota;c__Fusobacteriia;o__Fusobacteriales;f__Fusobacteriaceae;g__Fusobacterium;s__Fusobacterium nucleatum	uSGB_6010	k__Bacteria|p__Fusobacteria|c__Fusobacteriia|o__Fusobacteriales|f__Fusobacteriaceae|g__Fusobacterium|s__Fusobacterium_SGB6010|t__SGB6010	1313107	27.4000	340	4229	91.8700	69.1318	0.9994	k__Bacteria (UID2329)	61.1600	1.2700	100.0000	59.7000	3.2800	kingdom	0.0000	0.0000	0.0052
ERSX0002001-megahit_019	binsABC	True	False	True	True	d__Bacteria;p__Bacillota_A;c__Clostridia;o__Peptostreptococcales;f__Anaerovoracaceae;g__RGIG7111;s__	kSGB_24946	k__Bacteria|p__Firmicutes|c__Clostridia|o__Clostridiales|f__Peptostreptococcaceae|g__Peptostreptococcaceae_unclassified|s__Peptostreptococcaceae_bacterium_pGA_8|t__SGB24946	1232186	42.5000	21	127561	87.4800	200.5619	1.0000	o__Clostridiales (UID1120)	87.2300	0.0000	0.0000	97.7000	0.0900	family	0.0300	0.6100	0.0000
ERSX0002001-megahit_020	binsB	True	False	True	True	d__Bacteria;p__Actinomycetota;c__Actinomycetia;o__Actinomycetales;f__Actinomycetaceae;g__Pauljensenia;s__Pauljensenia mediterranea	kSGB_33770	k__Bacteria|p__Actinobacteria|c__Actinobacteria|o__Actinomycetales|f__Actinomycetaceae|g__Actinomyces|s__Actinomyces_mediterranea|t__SGB33770	2313078	64.1000	216	17941	90.2100	33.1106	0.9993	f__Actinomycetaceae (UID1531)	89.9400	4.1300	38.8900	90.9500	6.3700	genus	0.2800	0.0500	0.0004
ERSX0002001-megahit_021	binsABC	True	True	True	True	d__Bacteria;p__Bacillota_A;c__Clostridia;o__Peptostreptococcales;f__Anaerovoracaceae;g__Gallibacter;s__Gallibacter brachus	kSGB_3931	k__Bacteria|p__Firmicutes|c__Clostridia|o__Clostridiales|f__Clostridiales_Family_XIII_Incertae_Sedis|g__Clostridiales_Family_XIII_Incertae_Sedis_unclassified|s__Eubacterium_brachy|t__SGB3931	1301971	38.4000	115	16883	88.0100	38.4304	0.9995	o__Clostridiales (UID1120)	92.7300	0.3800	100.0000	85.3200	0.6400	kingdom	0.0000	0.0000	0.0018
ERSX0002001-megahit_022	binsA	False	False	True	False	d__Bacteria;p__Pseudomonadota;c__Gammaproteobacteria;o__Burkholderiales;f__Rhodocyclaceae;g__Propionivibrio;s__	uSGB_9421	k__Bacteria|p__Proteobacteria|c__Gammaproteobacteria|o__Cardiobacteriales|f__Cardiobacteriaceae|g__GGB6673|s__GGB6673_SGB9421|t__SGB9421	1698284	59.4000	704	2666	86.6900	60.3651	0.9985	k__Bacteria (UID203)	46.1600	7.0500	100.0000	70.2000	8.2600	order	0.1700	0.3300	0.0065
ERSX0002001-megahit_023	binsAC	True	False	True	True	d__Bacteria;p__Patescibacteria;c__Paceibacteria;o__Moranbacterales;f__DUUL01;g__DUUL01;s__	uSGB_65541	k__Bacteria|p__Firmicutes|c__CFGB42858|o__OFGB42858|f__FGB42858|g__GGB47576|s__GGB47576_SGB65541|t__SGB65541	800854	36.0000	16	78284	88.4900	67.6937	1.0000	k__Bacteria (UID1452)	68.0600	0.0000	0.0000	98.7100	0.0000	kingdom	0.0000	0.0000	0.0000
ERSX0002001-megahit_024	binsBC	True	False	True	True	d__Bacteria;p__Fusobacteriota;c__Fusobacteriia;o__Fusobacteriales;f__Leptotrichiaceae;g__Leptotrichia_A;s__Leptotrichia_A sp001274535	kSGB_6070	k__Bacteria|p__Fusobacteria|c__Fusobacteriia|o__Fusobacteriales|f__Leptotrichiaceae|g__Leptotrichia|s__Leptotrichia_sp_oral_taxon_212|t__SGB6070	1776268	31.5000	420	4952	89.4200	28.6060	0.9987	k__Bacteria (UID2329)	81.1200	4.4900	80.0000	79.8200	4.1200	kingdom	0.0000	0.0000	0.0044
ERSX0002001-megahit_025	binsAC	True	True	True	True	d__Bacteria;p__Bacillota_A;c__Clostridia;o__Peptostreptococcales;f__Anaerovoracaceae;g__;s__	uSGB_3946	k__Bacteria|p__Firmicutes|c__CFGB1207|o__OFGB1207|f__FGB1207|g__GGB2964|s__GGB2964_SGB3946|t__SGB3946	1245242	44.1000	38	45580	89.9800	88.0395	0.9993	o__Clostridiales (UID1120)	91.6700	0.2400	0.0000	93.7800	0.0700	order	0.1000	0.1000	0.0004
ERSX0002001-megahit_026	binsABC	True	False	True	True	d__Bacteria;p__Actinomycetota;c__Actinomycetia;o__Actinomycetales;f__Actinomycetaceae;g__Actinomyces;s__Actinomyces dentalis	kSGB_15877	k__Bacteria|p__Actinobacteria|c__Actinobacteria|o__Actinomycetales|f__Actinomycetaceae|g__Actinomyces|s__Actinomyces_dentalis|t__SGB15877	2839090	73.2000	718	4906	86.4100	355.1228	0.9997	f__Actinomycetaceae (UID1531)	77.3700	1.0800	33.3300	80.1600	3.4700	kingdom	0.0000	0.0000	0.0032
ERSX0002001-megahit_027	binsAC	True	False	True	True	d__Bacteria;p__Desulfobacterota;c__Desulfovibrionia;o__Desulfovibrionales;f__;g__;s__	kSGB_29646	k__Bacteria|p__Proteobacteria|c__Deltaproteobacteria|o__Desulfovibrionales|f__Desulfovibrionaceae|g__Desulfovibrio|s__Desulfovibrio_sp_OH1186_COT_070|t__SGB29646	1226307	49.2000	99	19295	90.8300	52.8192	0.9993	c__Deltaproteobacteria (UID3217)	67.5100	0.7300	33.3300	74.1800	0.0100	order	0.0900	0.0400	0.0001
ERSX0002001-megahit_028	binsAC	True	False	True	False	d__Bacteria;p__Bacteroidota;c__Bacteroidia;o__Bacteroidales;f__Porphyromonadaceae;g__Porphyromonas;s__Porphyromonas pasteri	kSGB_2043	k__Bacteria|p__Bacteroidetes|c__Bacteroidia|o__Bacteroidales|f__Porphyromonadaceae|g__Porphyromonas|s__Porphyromonas_somerae|t__SGB2043	1394086	55.9000	730	2054	87.5500	8.6030	0.9968	f__Porphyromonadaceae (UID2622)	63.2800	2.2400	41.6700	58.3300	0.1100	kingdom	0.0000	0.0000	0.0067
ERSX0002001-megahit_029	binsABC	True	False	True	True	d__Bacteria;p__Patescibacteria;c__Saccharimonadia;o__Saccharimonadales;f__Saccharimonadaceae;g__Saccharimonas;s__	kSGB_19883	k__Bacteria|p__Candidatus_Saccharibacteria|c__Candidatus_Saccharibacteria_unclassified|o__Candidatus_Saccharibacteria_unclassified|f__Candidatus_Saccharibacteria_unclassified|g__Candidatus_Saccharibacteria_unclassified|s__Candidatus_Saccharibacteria_bacterium_TM7_ANC_38_39_G1_1|t__SGB19883	692532	47.4000	31	36824	91.6600	235.2000	1.0000	k__Bacteria (UID203)	62.0700	0.8600	100.0000	76.6800	1.1100	phylum	0.1000	0.1100	0.0008
ERSX0002001-megahit_030	binsABC	True	False	True	True	d__Bacteria;p__Actinomycetota;c__Coriobacteriia;o__Coriobacteriales;f__Atopobiaceae;g__Olsenella_F;s__Olsenella_F sp001189515	kSGB_14348	k__Bacteria|p__Actinobacteria|c__Coriobacteriia|o__Coriobacteriales|f__Atopobiaceae|g__Olsenella|s__Olsenella_sp_oral_taxon_807|t__SGB14348	2375918	61.5000	529	5438	84.7800	35.9270	0.9989	p__Actinobacteria (UID2112)	88.4200	7.7800	44.7400	83.5300	11.2000	phylum	0.1700	0.0200	0.0049
ERSX0002001-megahit_031	binsAC	True	False	True	True	d__Bacteria;p__Bacteroidota;c__Bacteroidia;o__Bacteroidales;f__Paludibacteraceae;g__F0058;s__F0058 sp000163695	kSGB_1341	k__Bacteria|p__Bacteroidetes|c__Bacteroidetes_unclassified|o__Bacteroidetes_unclassified|f__Bacteroidetes_unclassified|g__Bacteroidetes_unclassified|s__Bacteroidetes_oral_taxon_274|t__SGB1341	1948142	43.1000	210	12408	88.8100	179.3271	0.9999	k__Bacteria (UID2569)	94.4800	7.8900	18.1800	94.9900	5.7800	family	0.1300	0.0300	0.0025
ERSX0002001-megahit_032	binsC	True	True	True	True	d__Bacteria;p__Bacteroidota;c__Bacteroidia;o__Flavobacteriales;f__Weeksellaceae;g__JABCPE02;s__	uSGB_2517	k__Bacteria|p__Bacteroidetes|c__Flavobacteriia|o__Flavobacteriales|f__Flavobacteriaceae|g__GGB1843|s__GGB1843_SGB2517|t__SGB2517	1585411	36.5000	445	4556	92.8100	10.7760	0.9976	k__Bacteria (UID2565)	91.9400	4.3100	85.7100	88.8700	5.1500	genus	0.1000	0.5000	0.0038
ERSX0002001-megahit_033	binsC	True	False	True	True	d__Bacteria;p__Bacillota_A;c__Clostridia;o__Saccharofermentanales;f__Fastidiosipilaceae;g__JAAYOA01;s__	uSGB_53709	k__Bacteria|p__Cyanobacteria|c__Cyanobacteria_unclassified|o__Synechococcales|f__Prochloraceae|g__GGB38134|s__GGB38134_SGB53709|t__SGB53709	1617159	56.8000	500	4038	89.8300	13.3526	0.9985	o__Clostridiales (UID1120)	83.2900	2.3300	40.0000	83.8200	1.7800	genus	0.1700	0.6400	0.0026
ERSX0002001-megahit_034	binsAC	True	False	True	True	d__Bacteria;p__Patescibacteria;c__Saccharimonadia;o__Saccharimonadales;f__Nanosynbacteraceae;g__Nanosynbacter;s__	uSGB_19902	k__Bacteria|p__Candidatus_Saccharibacteria|c__Candidatus_Saccharibacteria_unclassified|o__Candidatus_Saccharibacteria_unclassified|f__Candidatus_Saccharibacteria_unclassified|g__Candidatus_Saccharibacteria_unclassified|s__Candidatus_Saccharibacteria_unclassified_SGB19902|t__SGB19902	723438	50.9000	112	9531	91.9800	38.6027	0.9995	k__Bacteria (UID1452)	54.4500	4.3200	57.1400	74.4700	4.5000	class	0.1900	0.0600	0.0009
ERSX0002001-megahit_035	binsBC	True	False	False	False	d__Bacteria;p__Synergistota;c__Synergistia;o__Synergistales;f__Aminobacteriaceae;g__Fretibacterium;s__	uSGB_61573	k__Bacteria|p__Synergistetes|c__Synergistia|o__Synergistales|f__Synergistaceae|g__Fretibacterium|s__Fretibacterium_SGB61573|t__SGB61573	908047	65.7000	389	2273	91.2300	78.7106	0.9992	k__Bacteria (UID209)	51.1600	5.0800	66.6700	54.4700	2.6300	order	0.5100	0.1600	0.0102
ERSX0002001-megahit_036	binsC	True	False	True	True	d__Bacteria;p__Bacillota_A;c__Clostridia;o__Christensenellales;f__CAG-74;g__JAAZPT01;s__	kSGB_22686	k__Bacteria|p__Proteobacteria|c__Gammaproteobacteria|o__Xanthomonadales|f__Xanthomonadaceae|g__Luteimonas|s__Luteimonas_sp_83_4|t__SGB22686	1287030	51.2000	492	2930	90.7800	8.3231	0.9981	c__Clostridia (UID1118)	80.3200	1.8800	0.0000	72.5000	2.9800	family	0.1800	0.4400	0.0027
ERSX0002001-megahit_037	binsBC	True	False	True	True	d__Bacteria;p__Bacillota_A;c__Clostridia;o__Peptostreptococcales;f__Anaerovoracaceae;g__;s__	kSGB_6627	k__Bacteria|p__Firmicutes|c__Clostridia|o__Clostridiales|f__Clostridiales_Family_XIII_Incertae_Sedis|g__Clostridiales_Family_XIII_Incertae_Sedis_unclassified|s__Eubacterium_nodatum|t__SGB6627	1248746	39.3000	38	50839	85.9900	165.2026	1.0000	o__Clostridiales (UID1120)	75.5300	2.8400	0.0000	73.6000	1.3300	class	0.0400	0.0400	0.0000
ERSX0002001-megahit_038	binsC	True	False	True	False	d__Bacteria;p__Actinomycetota;c__Actinomycetia;o__Mycobacteriales;f__Mycobacteriaceae;g__Corynebacterium;s__Corynebacterium sp915275065	uSGB_17006	k__Bacteria|p__Actinobacteria|c__Actinobacteria|o__Corynebacteriales|f__Corynebacteriaceae|g__Corynebacterium|s__Corynebacterium_SGB17006|t__SGB17006	2338674	56.7000	1095	2350	86.3800	34.3543	0.9979	o__Actinomycetales (UID1812)	82.9400	5.8900	92.5900	76.8800	5.4600	kingdom	0.0000	0.0000	0.0097
ERSX0002001-megahit_039	binsC	True	False	True	True	d__Bacteria;p__Myxococcota;c__Polyangia;o__Polyangiales;f__Polyangiaceae;g__MWCO01;s__	kSGB_13233	k__Bacteria|p__Proteobacteria|c__Deltaproteobacteria|o__Myxococcales|f__Polyangiaceae|g__Sorangium|s__Sorangium_cellulosum|t__SGB13233	3367428	59.3000	348	13519	87.3900	26.1908	0.9993	c__Deltaproteobacteria (UID3216)	75.7500	4.7500	45.4500	97.2400	2.2900	class	0.0600	0.0300	0.0006
ERSX0002001-megahit_040	binsB	True	False	True	True	d__Bacteria;p__Bacillota_A;c__Clostridia;o__Peptostreptococcales;f__Filifactoraceae;g__Filifactor;s__Filifactor alocis	kSGB_6629	k__Bacteria|p__Firmicutes|c__Clostridia|o__Clostridiales|f__Peptostreptococcaceae|g__Filifactor|s__Filifactor_alocis|t__SGB6629	1556528	35.4000	249	7837	82.3800	51.1546	0.9993	o__Clostridiales (UID1120)	89.1800	3.8000	66.6700	83.3500	2.4100	kingdom	0.0000	0.0000	0.0030
ERSX0002001-megahit_041	binsABC	True	True	True	True	d__Archaea;p__Methanobacteriota;c__Methanobacteria;o__Methanobacteriales;f__Methanobacteriaceae;g__Methanobrevibacter_A;s__	kSGB_720	k__Archaea|p__Euryarchaeota|c__Methanobacteria|o__Methanobacteriales|f__Methanobacteriaceae|g__Methanobrevibacter|s__Methanobrevibacter_oralis|t__SGB720	1965070	31.0000	133	19146	87.1600	15.7113	0.9995	p__Euryarchaeota (UID3)	96.8000	0.0000	0.0000	95.9200	1.0100	kingdom	0.1600	0.0200	0.0005
ERSX0002001-megahit_042	binsAC	True	True	True	True	d__Bacteria;p__Desulfobacterota;c__Desulfovibrionia;o__Desulfovibrionales;f__Desulfovibrionaceae;g__Desulfovibrio;s__Desulfovibrio sp003860215	kSGB_29646	k__Bacteria|p__Proteobacteria|c__Deltaproteobacteria|o__Desulfovibrionales|f__Desulfovibrionaceae|g__Desulfovibrio|s__Desulfovibrio_sp_OH1186_COT_070|t__SGB29646	2400785	60.2000	213	16404	90.6900	31.7244	0.9993	c__Deltaproteobacteria (UID3218)	98.8200	0.6200	50.0000	99.9700	1.4500	genus	0.3500	0.0400	0.0003
ERSX0002001-megahit_043	binsAB	True	False	False	True	d__Bacteria;p__Bacillota_A;c__Clostridia;o__Tissierellales;f__Peptoniphilaceae;g__W5053;s__W5053 sp000467935	kSGB_6626	k__Bacteria|p__Firmicutes|c__Clostridia|o__Clostridiales|f__Peptostreptococcaceae|g__Peptostreptococcaceae_unclassified|s__Peptostreptococcaceae_bacterium_oral_taxon_113|t__SGB6626	1008943	35.9000	151	9797	87.7700	124.1166	0.9999	o__Clostridiales (UID1125)	62.9800	1.1200	100.0000	54.9200	0.0500	genus	0.4500	0.0200	0.0023
ERSX0002001-megahit_044	binsABC	True	True	True	True	d__Bacteria;p__Pseudomonadota;c__Gammaproteobacteria;o__Enterobacterales_A;f__Pasteurellaceae;g__Aggregatibacter;s__Aggregatibacter kilianii	kSGB_9731	k__Bacteria|p__Proteobacteria|c__Gammaproteobacteria|o__Pasteurellales|f__Pasteurellaceae|g__Aggregatibacter|s__Aggregatibacter_aphrophilus|t__SGB9731	2199073	42.3000	33	95931	89.6600	81.3909	1.0000	f__Pasteurellaceae (UID4932)	99.2000	0.0200	0.0000	100.0000	0.0700	kingdom	0.0000	0.0000	0.0000
ERSX0002001-megahit_045	binsBC	True	False	True	True	d__Bacteria;p__Bacillota_A;c__Clostridia;o__Lachnospirales;f__Lachnospiraceae;g__Johnsonella;s__Johnsonella ignava	kSGB_6631	k__Bacteria|p__Firmicutes|c__Clostridia|o__Clostridiales|f__Lachnospiraceae|g__Johnsonella|s__Johnsonella_ignava|t__SGB6631	1352479	36.0000	368	3949	88.8300	12.7109	0.9980	o__Clostridiales (UID1226)	73.0400	1.1700	25.0000	67.1800	2.3700	kingdom	0.0000	0.0000	0.0042
ERSX0002001-megahit_046	binsC	True	False	True	True	d__Bacteria;p__Bacillota_A;c__Clostridia;o__Lachnospirales;f__Lachnospiraceae;g__;s__	kSGB_6631	k__Bacteria|p__Firmicutes|c__Clostridia|o__Clostridiales|f__Lachnospiraceae|g__Johnsonella|s__Johnsonella_ignava|t__SGB6631	988133	41.4000	381	2960	94.0700	10.0060	0.9983	f__Lachnospiraceae (UID1286)	50.3600	2.2400	44.4400	53.4300	1.0000	order	0.2400	0.0400	0.0026
ERSX0002001-megahit_047	binsBC	True	True	True	True	d__Bacteria;p__Bacillota_A;c__Clostridia;o__Peptostreptococcales;f__Anaerovoracaceae;g__CAJPNN01;s__CAJPNN01 sp905372035	uSGB_3946	k__Bacteria|p__Firmicutes|c__CFGB1207|o__OFGB1207|f__FGB1207|g__GGB2964|s__GGB2964_SGB3946|t__SGB3946	1405127	38.4000	61	30611	91.0000	44.9738	0.9999	o__Clostridiales (UID1120)	92.5500	0.7100	100.0000	96.5800	0.1200	genus	0.0700	0.3800	0.0012
ERSX0002001-megahit_048	binsABC	True	False	True	True	d__Bacteria;p__Bacillota_A;c__Clostridia;o__Peptostreptococcales;f__Filifactoraceae;g__Peptoanaerobacter;s__	uSGB_6621	k__Bacteria|p__Firmicutes|c__Clostridia|o__Clostridiales|f__Peptostreptococcaceae|g__Peptoanaerobacter|s__Peptoanaerobacter_SGB6621|t__SGB6621	1286349	31.8000	341	4462	82.4900	24.5628	0.9982	k__Bacteria (UID203)	53.6200	0.0000	0.0000	56.6500	1.6200	kingdom	0.0000	0.0000	0.0047
ERSX0002001-megahit_049	binsBC	True	False	True	True	d__Bacteria;p__Pseudomonadota;c__Gammaproteobacteria;o__Burkholderiales;f__Burkholderiaceae_A;g__Lautropia;s__Lautropia mirabilis	kSGB_13165	k__Bacteria|p__Proteobacteria|c__Betaproteobacteria|o__Burkholderiales|f__Burkholderiaceae|g__Lautropia|s__Lautropia_mirabilis|t__SGB13165	2901872	65.8000	683	5219	88.1400	42.7095	0.9986	p__Proteobacteria (UID3887)	89.6200	4.7800	91.6700	95.3100	4.8000	kingdom	0.0000	0.0000	0.0035
ERSX0002001-megahit_050	binsC	True	False	True	True	d__Bacteria;p__Bacteroidota;c__Bacteroidia;o__Bacteroidales;f__CAJPTX01;g__Bacteroides_D;s__	uSGB_48069	k__Bacteria|p__Bacteroidetes|c__CFGB12490|o__OFGB12490|f__FGB12490|g__GGB35479|s__GGB35479_SGB48069|t__SGB48069	1178117	59.2000	614	1982	88.3100	17.8500	0.9895	p__Bacteroidetes (UID2605)	55.0400	1.4200	83.3300	52.7200	1.3100	genus	0.1900	0.1000	0.0025
ERSX0002001-megahit_051	binsBC	True	True	True	True	d__Bacteria;p__Bacteroidota;c__Bacteroidia;o__Bacteroidales;f__Tannerellaceae;g__Tannerella;s__Tannerella forsythia	kSGB_2053	k__Bacteria|p__Bacteroidetes|c__Bacteroidia|o__Bacteroidales|f__Tannerellaceae|g__Tannerella|s__Tannerella_forsythia|t__SGB2053	2605599	47.8000	378	8977	90.6400	96.9161	0.9996	o__Bacteroidales (UID2621)	92.2300	1.5400	66.6700	88.2200	0.4100	kingdom	0.0000	0.0000	0.0014
ERSX0002001-megahit_052	binsABC	True	True	True	True	d__Bacteria;p__Bacillota_A;c__Clostridia;o__Peptostreptococcales;f__Anaerovoracaceae;g__Hornefia;s__Hornefia minuta	kSGB_3932	k__Bacteria|p__Firmicutes|c__Clostridia|o__Clostridiales|f__Clostridiales_Family_XIII_Incertae_Sedis|g__Clostridiales_Family_XIII_Incertae_Sedis_unclassified|s__Eubacterium_minutum|t__SGB3932	1688204	46.1000	32	109299	88.8200	140.3156	1.0000	o__Clostridiales (UID1120)	96.1000	0.3500	0.0000	95.7000	0.0300	genus	0.1000	0.2200	0.0001
ERSX0002001-megahit_053	binsABC	True	False	True	True	d__Bacteria;p__Bacteroidota;c__Bacteroidia;o__Bacteroidales;f__UBA932;g__Cryptobacteroides;s__	uSGB_2208	k__Bacteria|p__Firmicutes|c__CFGB651|o__OFGB651|f__FGB651|g__GGB1611|s__GGB1611_SGB2208|t__SGB2208	1842977	42.6000	416	5326	93.4400	24.5358	0.9988	p__Bacteroidetes (UID2605)	79.4800	0.9500	100.0000	75.3600	2.3700	genus	0.1500	0.5900	0.0025
ERSX0002001-megahit_054	binsAC	True	False	True	False	d__Bacteria;p__Bacillota_C;c__Negativicutes;o__Selenomonadales;f__Selenomonadaceae;g__CAJPQU01;s__	uSGB_5873	k__Bacteria|p__Firmicutes|c__CFGB1714|o__OFGB1714|f__FGB1714|g__GGB4300|s__GGB4300_SGB5873|t__SGB5873	1164809	57.5000	602	2050	89.9200	14.2685	0.9977	p__Firmicutes (UID1022)	63.2200	2.9200	50.0000	52.2200	2.7900	family	0.2800	0.0500	0.0065
ERSX0002001-megahit_055	binsB	True	False	True	True	d__Bacteria;p__Actinomycetota;c__Coriobacteriia;o__Coriobacteriales;f__Eggerthellaceae;g__;s__	kSGB_14784	k__Bacteria|p__Actinobacteria|c__Coriobacteriia|o__Eggerthellales|f__Eggerthellaceae|g__Slackia|s__Slackia_exigua|t__SGB14784	1650205	62.7000	477	3702	86.4200	12.4048	0.9985	k__Bacteria (UID203)	50.5300	0.3500	100.0000	59.9600	0.4300	genus	0.2300	0.6100	0.0022
ERSX0002001-megahit_056	binsABC	True	True	True	True	d__Bacteria;p__Bacillota_A;c__Clostridia;o__Peptostreptococcales;f__Anaerovoracaceae;g__Eubacterium_B;s__	kSGB_3936	k__Bacteria|p__Firmicutes|c__Clostridia|o__Clostridiales|f__Clostridiales_Family_XIII_Incertae_Sedis|g__Clostridiales_Family_XIII_Incertae_Sedis_unclassified|s__Eubacterium_infirmum|t__SGB3936	1689259	49.5000	46	57886	91.1800	32.8217	0.9998	o__Clostridiales (UID1120)	96.8100	0.0000	0.0000	86.7700	0.1900	family	0.1000	0.3700	0.0001
ERSX0002001-megahit_057	binsC	True	True	True	True	d__Bacteria;p__Bacillota_A;c__Clostridia;o__Lachnospirales;f__Lachnospiraceae;g__Johnsonella;s__	uSGB_4474	k__Bacteria|p__Firmicutes|c__CFGB1394|o__OFGB1394|f__FGB1394|g__GGB3386|s__GGB3386_SGB4474|t__SGB4474	1989047	38.8000	86	36432	89.7200	28.2140	0.9994	o__Clostridiales (UID1226)	96.0500	2.8700	40.0000	94.7600	2.0600	genus	0.3100	0.1000	0.0006
ERSX0002001-megahit_058	binsC	False	False	True	False	d__Bacteria;p__Bacillota;c__Bacilli;o__Lactobacillales;f__Aerococcaceae;g__Granulicatella;s__Granulicatella adiacens	uSGB_8250	k__Bacteria|p__Firmicutes|c__Bacilli|o__Lactobacillales|f__Carnobacteriaceae|g__Granulicatella|s__Granulicatella_SGB8250|t__SGB8250	757801	37.8000	436	1773	89.7600	7.8933	0.9968	o__Lactobacillales (UID355)	42.1500	0.8400	100.0000	45.2800	2.7600	family	0.2400	0.2100	0.0071
ERSX0002001-megahit_059	binsC	True	False	True	False	d__Bacteria;p__Bacteroidota;c__Bacteroidia;o__Bacteroidales;f__Bacteroidaceae;g__Prevotella;s__Prevotella loescheii	kSGB_1457	k__Bacteria|p__Bacteroidetes|c__Bacteroidia|o__Bacteroidales|f__Prevotellaceae|g__Prevotella|s__Prevotella_loescheii|t__SGB1457	2662545	46.7000	1264	2230	81.9600	21.0368	0.9965	g__Prevotella (UID2724)	76.8000	8.1400	75.5600	79.8400	4.0200	kingdom	0.0000	0.0000	0.0065
ERSX0002001-megahit_060	binsC	True	False	True	False	d__Bacteria;p__Bacillota_A;c__Clostridia;o__Tissierellales;f__Peptoniphilaceae;g__;s__	uSGB_26736	k__Bacteria|p__Spirochaetes|c__Spirochaetia|o__Spirochaetales|f__Spirochaetaceae|g__Treponema|s__Treponema_SGB26736|t__SGB26736	873165	44.7000	469	1982	92.5200	13.4136	0.9950	o__Clostridiales (UID1120)	59.9300	2.9600	80.0000	60.9600	2.4400	order	0.0900	0.5400	0.0072
ERSX0002001-megahit_061	binsC	False	False	True	True	d__Bacteria;p__Bacillota_A;c__Clostridia;o__Peptostreptococcales;f__Anaerovoracaceae;g__Hornefia;s__	kSGB_3932	k__Bacteria|p__Firmicutes|c__Clostridia|o__Clostridiales|f__Clostridiales_Family_XIII_Incertae_Sedis|g__Clostridiales_Family_XIII_Incertae_Sedis_unclassified|s__Eubacterium_minutum|t__SGB3932	736352	46.2000	429	1691	89.7700	7.6286	0.9971	o__Clostridiales (UID1120)	41.6900	2.3600	60.0000	38.2800	1.1000	family	0.2900	0.3700	0.0035
ERSX0002001-megahit_062	binsC	False	False	True	True	d__Bacteria;p__Bacillota_B;c__Syntrophomonadia;o__Syntrophomonadales;f__CALXSZ01;g__;s__	uSGB_37961	k__Bacteria|p__Proteobacteria|c__CFGB8588|o__OFGB8588|f__FGB8588|g__GGB25967|s__GGB25967_SGB37961|t__SGB37961	587842	45.5000	294	2121	90.1300	8.3252	0.9980	c__Clostridia (UID1085)	47.7100	1.6100	33.3300	48.3000	2.1500	family	0.3000	0.0600	0.0034
ERSX0002001-megahit_063	binsC	False	False	True	False	d__Bacteria;p__Spirochaetota;c__Spirochaetia;o__Treponematales;f__Treponemataceae;g__Treponema_D;s__Treponema_D socranskii	kSGB_3583	k__Bacteria|p__Spirochaetes|c__Spirochaetia|o__Spirochaetales|f__Spirochaetaceae|g__Treponema|s__Treponema_socranskii|t__SGB3583	1163279	49.9000	731	1580	91.3800	33.8915	0.9981	f__Spirochaetaceae (UID2535)	47.5100	1.5100	83.3300	41.3100	0.7900	kingdom	0.0000	0.0000	0.0076
ERSX0002001-megahit_064	binsC	True	False	False	False	d__Bacteria;p__Spirochaetota;c__Spirochaetia;o__Treponematales;f__Treponemataceae;g__Treponema_C;s__Treponema_C sp905372025	uSGB_3588	k__Bacteria|p__Spirochaetes|c__Spirochaetia|o__Spirochaetales|f__Spirochaetaceae|g__Treponema|s__Treponema_SGB3588|t__SGB3588	1786747	47.1000	885	2209	93.1700	36.0385	0.9980	f__Spirochaetaceae (UID2535)	67.7800	1.8100	77.7800	64.7100	3.3100	phylum	0.5500	0.0500	0.0092
ERSX0002001-megahit_065	binsC	False	False	True	False	d__Bacteria;p__Pseudomonadota;c__Gammaproteobacteria;o__Cardiobacteriales;f__Cardiobacteriaceae;g__Cardiobacterium;s__	uSGB_9415	k__Bacteria|p__Proteobacteria|c__Gammaproteobacteria|o__Cardiobacteriales|f__Cardiobacteriaceae|g__Cardiobacterium|s__Cardiobacterium_SGB9415|t__SGB9415	1102162	58.5000	676	1586	88.5800	11.0572	0.9973	k__Bacteria (UID203)	41.3800	0.8600	0.0000	34.6600	0.7700	order	0.3900	0.0600	0.0104
ERSX0002001-megahit_066	binsC	True	False	True	True	d__Bacteria;p__Bacteroidota;c__Bacteroidia;o__Bacteroidales;f__Porphyromonadaceae;g__Porphyromonas;s__Porphyromonas gingivalis	kSGB_2057	k__Bacteria|p__Bacteroidetes|c__Bacteroidia|o__Bacteroidales|f__Porphyromonadaceae|g__Porphyromonas|s__Porphyromonas_gingivalis|t__SGB2057	1106228	49.1000	573	2049	89.8600	14.2911	0.9977	f__Porphyromonadaceae (UID2622)	57.1500	1.3600	33.3300	48.3900	0.8700	kingdom	0.0000	0.0000	0.0036
