position	damage	Sample	Reference	Country
1	0.123892561762265	CS11.Tf	forsythia	England
2	0.0900643270719936	CS11.Tf	forsythia	England
3	0.0797661736142238	CS11.Tf	forsythia	England
4	0.0754105756518143	CS11.Tf	forsythia	England
5	0.0705010764229448	CS11.Tf	forsythia	England
6	0.0636853979045175	CS11.Tf	forsythia	England
7	0.0542049430985985	CS11.Tf	forsythia	England
8	0.0492602252376774	CS11.Tf	forsythia	England
9	0.0438552346767397	CS11.Tf	forsythia	England
10	0.0411760465228048	CS11.Tf	forsythia	England
11	0.0386238718061832	CS11.Tf	forsythia	England
12	0.0366019417475728	CS11.Tf	forsythia	England
13	0.0354344266752056	CS11.Tf	forsythia	England
14	0.0338643977921859	CS11.Tf	forsythia	England
15	0.0322954952765712	CS11.Tf	forsythia	England
16	0.0308957052267487	CS11.Tf	forsythia	England
17	0.0295879295651235	CS11.Tf	forsythia	England
18	0.0293058532764138	CS11.Tf	forsythia	England
19	0.0287458708005967	CS11.Tf	forsythia	England
20	0.027349383890794	CS11.Tf	forsythia	England
21	0.0264093325849884	CS11.Tf	forsythia	England
22	0.0248477996699051	CS11.Tf	forsythia	England
23	0.0247267471620849	CS11.Tf	forsythia	England
24	0.024022319084771	CS11.Tf	forsythia	England
25	0.0233297016987529	CS11.Tf	forsythia	England
1	0.117260656064317	CS15.Tf	forsythia	England
2	0.0990785280256259	CS15.Tf	forsythia	England
3	0.093728813559322	CS15.Tf	forsythia	England
4	0.083972285340109	CS15.Tf	forsythia	England
5	0.0792527830692492	CS15.Tf	forsythia	England
6	0.0679465306190058	CS15.Tf	forsythia	England
7	0.0590494346858264	CS15.Tf	forsythia	England
8	0.0523187199860773	CS15.Tf	forsythia	England
9	0.0500477481531893	CS15.Tf	forsythia	England
10	0.0473584033798354	CS15.Tf	forsythia	England
11	0.0455783891103906	CS15.Tf	forsythia	England
12	0.0440012121546048	CS15.Tf	forsythia	England
13	0.0421133273441763	CS15.Tf	forsythia	England
14	0.0407309149972929	CS15.Tf	forsythia	England
15	0.0396542594267811	CS15.Tf	forsythia	England
16	0.0384872457924264	CS15.Tf	forsythia	England
17	0.0375172339217648	CS15.Tf	forsythia	England
18	0.0359116936418098	CS15.Tf	forsythia	England
19	0.0350901312099249	CS15.Tf	forsythia	England
20	0.0345259295235012	CS15.Tf	forsythia	England
21	0.0338062312332994	CS15.Tf	forsythia	England
22	0.032261261162066	CS15.Tf	forsythia	England
23	0.031983243254976	CS15.Tf	forsythia	England
24	0.0298862529875188	CS15.Tf	forsythia	England
25	0.0295990696644147	CS15.Tf	forsythia	England
1	0.0603806535361742	CS32.Tf	forsythia	England
2	0.0552941122138427	CS32.Tf	forsythia	England
3	0.0494040654991913	CS32.Tf	forsythia	England
4	0.0468943508773557	CS32.Tf	forsythia	England
5	0.0438435657905593	CS32.Tf	forsythia	England
6	0.041396376244268	CS32.Tf	forsythia	England
7	0.0388539958252572	CS32.Tf	forsythia	England
8	0.0377233862977505	CS32.Tf	forsythia	England
9	0.0367456896551724	CS32.Tf	forsythia	England
10	0.0349243360242273	CS32.Tf	forsythia	England
11	0.034285293752386	CS32.Tf	forsythia	England
12	0.0326929859625197	CS32.Tf	forsythia	England
13	0.0315213940197598	CS32.Tf	forsythia	England
14	0.0299595364837618	CS32.Tf	forsythia	England
15	0.0297874140069922	CS32.Tf	forsythia	England
16	0.028434336119456	CS32.Tf	forsythia	England
17	0.0273090883869327	CS32.Tf	forsythia	England
18	0.0266645927015281	CS32.Tf	forsythia	England
19	0.0256098995459571	CS32.Tf	forsythia	England
20	0.024775611841005	CS32.Tf	forsythia	England
21	0.0238226018770184	CS32.Tf	forsythia	England
22	0.023016795531231	CS32.Tf	forsythia	England
23	0.0229872782988207	CS32.Tf	forsythia	England
24	0.021478362239193	CS32.Tf	forsythia	England
25	0.0203837723442047	CS32.Tf	forsythia	England
1	0.118708330670756	CS33.Tf	forsythia	England
2	0.0887659736791913	CS33.Tf	forsythia	England
3	0.0764704165896645	CS33.Tf	forsythia	England
4	0.0732668253405581	CS33.Tf	forsythia	England
5	0.0725220562866578	CS33.Tf	forsythia	England
6	0.0625190696941959	CS33.Tf	forsythia	England
7	0.0539639726423273	CS33.Tf	forsythia	England
8	0.0491130263295124	CS33.Tf	forsythia	England
9	0.0465154282418533	CS33.Tf	forsythia	England
10	0.0461596780777979	CS33.Tf	forsythia	England
11	0.0455500446098794	CS33.Tf	forsythia	England
12	0.0452932030860395	CS33.Tf	forsythia	England
13	0.0423245570914525	CS33.Tf	forsythia	England
14	0.0418009222635976	CS33.Tf	forsythia	England
15	0.041172843735014	CS33.Tf	forsythia	England
16	0.0393226315840462	CS33.Tf	forsythia	England
17	0.0403127196402954	CS33.Tf	forsythia	England
18	0.0390035893473647	CS33.Tf	forsythia	England
19	0.0366168379023226	CS33.Tf	forsythia	England
20	0.0375346392737697	CS33.Tf	forsythia	England
21	0.0358818604832272	CS33.Tf	forsythia	England
22	0.0340531722758433	CS33.Tf	forsythia	England
23	0.0352817930186068	CS33.Tf	forsythia	England
24	0.035929495357921	CS33.Tf	forsythia	England
25	0.0328679008471917	CS33.Tf	forsythia	England
1	0.1170257956947	CS35.Tf	forsythia	England
2	0.0966594161419576	CS35.Tf	forsythia	England
3	0.0867191585656124	CS35.Tf	forsythia	England
4	0.0734364394453602	CS35.Tf	forsythia	England
5	0.0721056194989844	CS35.Tf	forsythia	England
6	0.060262152085727	CS35.Tf	forsythia	England
7	0.0500381094061361	CS35.Tf	forsythia	England
8	0.0441154659052987	CS35.Tf	forsythia	England
9	0.0414057585970578	CS35.Tf	forsythia	England
10	0.0398187708343115	CS35.Tf	forsythia	England
11	0.0384618974287181	CS35.Tf	forsythia	England
12	0.0372587558313008	CS35.Tf	forsythia	England
13	0.0356685845363463	CS35.Tf	forsythia	England
14	0.0351122017008204	CS35.Tf	forsythia	England
15	0.0338967002793164	CS35.Tf	forsythia	England
16	0.0324102380795605	CS35.Tf	forsythia	England
17	0.0313103222640275	CS35.Tf	forsythia	England
18	0.029857741378086	CS35.Tf	forsythia	England
19	0.0296220488780313	CS35.Tf	forsythia	England
20	0.0286472345399558	CS35.Tf	forsythia	England
21	0.0276038809978628	CS35.Tf	forsythia	England
22	0.0272039329625775	CS35.Tf	forsythia	England
23	0.0264535155884281	CS35.Tf	forsythia	England
24	0.0252298045177074	CS35.Tf	forsythia	England
25	0.0241152744323931	CS35.Tf	forsythia	England
1	0.0964540179227266	CS36.Tf	forsythia	England
2	0.0671870019555648	CS36.Tf	forsythia	England
3	0.0622562485162953	CS36.Tf	forsythia	England
4	0.0552708669990754	CS36.Tf	forsythia	England
5	0.0515287613007131	CS36.Tf	forsythia	England
6	0.0430314184732153	CS36.Tf	forsythia	England
7	0.0378241691694559	CS36.Tf	forsythia	England
8	0.0340976325366142	CS36.Tf	forsythia	England
9	0.0322929454711014	CS36.Tf	forsythia	England
10	0.0319534388064595	CS36.Tf	forsythia	England
11	0.0307083724154806	CS36.Tf	forsythia	England
12	0.0313541976164537	CS36.Tf	forsythia	England
13	0.0296055340525406	CS36.Tf	forsythia	England
14	0.0297257028406732	CS36.Tf	forsythia	England
15	0.0287202429546419	CS36.Tf	forsythia	England
16	0.0272550344861282	CS36.Tf	forsythia	England
17	0.0270219751641636	CS36.Tf	forsythia	England
18	0.0265131578947368	CS36.Tf	forsythia	England
19	0.0256763065431583	CS36.Tf	forsythia	England
20	0.0250950199785596	CS36.Tf	forsythia	England
21	0.0242534583936148	CS36.Tf	forsythia	England
22	0.0235683342477869	CS36.Tf	forsythia	England
23	0.023734292885398	CS36.Tf	forsythia	England
24	0.0230680128484231	CS36.Tf	forsythia	England
25	0.0223148460860468	CS36.Tf	forsythia	England
1	0.0052271589834844	G12_25_2E5_YaleRun1.Tf	forsythia	Germany
2	0.0472181234267859	G12_25_2E5_YaleRun1.Tf	forsythia	Germany
3	0.0298383508823966	G12_25_2E5_YaleRun1.Tf	forsythia	Germany
4	0.0223996451541362	G12_25_2E5_YaleRun1.Tf	forsythia	Germany
5	0.0203957943555825	G12_25_2E5_YaleRun1.Tf	forsythia	Germany
6	0.01819361661219	G12_25_2E5_YaleRun1.Tf	forsythia	Germany
7	0.0245844391674815	G12_25_2E5_YaleRun1.Tf	forsythia	Germany
8	0.0181169002909283	G12_25_2E5_YaleRun1.Tf	forsythia	Germany
9	0.0172716488730724	G12_25_2E5_YaleRun1.Tf	forsythia	Germany
10	0.014698003773497	G12_25_2E5_YaleRun1.Tf	forsythia	Germany
11	0.0142150388395156	G12_25_2E5_YaleRun1.Tf	forsythia	Germany
12	0.0148668226902931	G12_25_2E5_YaleRun1.Tf	forsythia	Germany
13	0.0132986079100212	G12_25_2E5_YaleRun1.Tf	forsythia	Germany
14	0.0139941963867827	G12_25_2E5_YaleRun1.Tf	forsythia	Germany
15	0.0135172928125291	G12_25_2E5_YaleRun1.Tf	forsythia	Germany
16	0.0139820094963136	G12_25_2E5_YaleRun1.Tf	forsythia	Germany
17	0.0129694292025939	G12_25_2E5_YaleRun1.Tf	forsythia	Germany
18	0.013965228468307	G12_25_2E5_YaleRun1.Tf	forsythia	Germany
19	0.0126582278481013	G12_25_2E5_YaleRun1.Tf	forsythia	Germany
20	0.012579842995758	G12_25_2E5_YaleRun1.Tf	forsythia	Germany
21	0.0134470090801969	G12_25_2E5_YaleRun1.Tf	forsythia	Germany
22	0.0137008682662683	G12_25_2E5_YaleRun1.Tf	forsythia	Germany
23	0.0122375607844945	G12_25_2E5_YaleRun1.Tf	forsythia	Germany
24	0.0140384480624139	G12_25_2E5_YaleRun1.Tf	forsythia	Germany
25	0.0125206482966652	G12_25_2E5_YaleRun1.Tf	forsythia	Germany
1	0.00889756944444445	G12_25_2E5_YaleRun1.Ts	serpentiformis	Germany
2	0.0681634630915846	G12_25_2E5_YaleRun1.Ts	serpentiformis	Germany
3	0.0441408895913299	G12_25_2E5_YaleRun1.Ts	serpentiformis	Germany
4	0.0324970890229703	G12_25_2E5_YaleRun1.Ts	serpentiformis	Germany
5	0.0283835237106265	G12_25_2E5_YaleRun1.Ts	serpentiformis	Germany
6	0.0285604013894249	G12_25_2E5_YaleRun1.Ts	serpentiformis	Germany
7	0.0390837508947745	G12_25_2E5_YaleRun1.Ts	serpentiformis	Germany
8	0.0280214861235452	G12_25_2E5_YaleRun1.Ts	serpentiformis	Germany
9	0.026572615711663	G12_25_2E5_YaleRun1.Ts	serpentiformis	Germany
10	0.0211197449691174	G12_25_2E5_YaleRun1.Ts	serpentiformis	Germany
11	0.0200519866320089	G12_25_2E5_YaleRun1.Ts	serpentiformis	Germany
12	0.0236844530458022	G12_25_2E5_YaleRun1.Ts	serpentiformis	Germany
13	0.0195594191445224	G12_25_2E5_YaleRun1.Ts	serpentiformis	Germany
14	0.0183333333333333	G12_25_2E5_YaleRun1.Ts	serpentiformis	Germany
15	0.0221489161168709	G12_25_2E5_YaleRun1.Ts	serpentiformis	Germany
16	0.0225848174311014	G12_25_2E5_YaleRun1.Ts	serpentiformis	Germany
17	0.0222757375075256	G12_25_2E5_YaleRun1.Ts	serpentiformis	Germany
18	0.0224086964813579	G12_25_2E5_YaleRun1.Ts	serpentiformis	Germany
19	0.0185006951128222	G12_25_2E5_YaleRun1.Ts	serpentiformis	Germany
20	0.0196039207841568	G12_25_2E5_YaleRun1.Ts	serpentiformis	Germany
21	0.0227590709821845	G12_25_2E5_YaleRun1.Ts	serpentiformis	Germany
22	0.0201544169256994	G12_25_2E5_YaleRun1.Ts	serpentiformis	Germany
23	0.0197044334975369	G12_25_2E5_YaleRun1.Ts	serpentiformis	Germany
24	0.0236764845155791	G12_25_2E5_YaleRun1.Ts	serpentiformis	Germany
25	0.017310386231739	G12_25_2E5_YaleRun1.Ts	serpentiformis	Germany
1	0.00703939352917287	G12_25_2E6_YaleRun1.Tf	forsythia	Germany
2	0.0526166902404526	G12_25_2E6_YaleRun1.Tf	forsythia	Germany
3	0.0354728246553692	G12_25_2E6_YaleRun1.Tf	forsythia	Germany
4	0.0248086991542489	G12_25_2E6_YaleRun1.Tf	forsythia	Germany
5	0.0237972508591065	G12_25_2E6_YaleRun1.Tf	forsythia	Germany
6	0.0216837782340862	G12_25_2E6_YaleRun1.Tf	forsythia	Germany
7	0.0272696284513124	G12_25_2E6_YaleRun1.Tf	forsythia	Germany
8	0.0200163702656448	G12_25_2E6_YaleRun1.Tf	forsythia	Germany
9	0.0221824408468244	G12_25_2E6_YaleRun1.Tf	forsythia	Germany
10	0.0182543334867311	G12_25_2E6_YaleRun1.Tf	forsythia	Germany
11	0.0153789279112754	G12_25_2E6_YaleRun1.Tf	forsythia	Germany
12	0.0179234972677596	G12_25_2E6_YaleRun1.Tf	forsythia	Germany
13	0.0157726302956416	G12_25_2E6_YaleRun1.Tf	forsythia	Germany
14	0.0160241523455643	G12_25_2E6_YaleRun1.Tf	forsythia	Germany
15	0.0174091531093204	G12_25_2E6_YaleRun1.Tf	forsythia	Germany
16	0.0166996438464583	G12_25_2E6_YaleRun1.Tf	forsythia	Germany
17	0.0159731961976001	G12_25_2E6_YaleRun1.Tf	forsythia	Germany
18	0.0159106555496061	G12_25_2E6_YaleRun1.Tf	forsythia	Germany
19	0.0175165752639764	G12_25_2E6_YaleRun1.Tf	forsythia	Germany
20	0.015821533106558	G12_25_2E6_YaleRun1.Tf	forsythia	Germany
21	0.0164627699743241	G12_25_2E6_YaleRun1.Tf	forsythia	Germany
22	0.0172881618730134	G12_25_2E6_YaleRun1.Tf	forsythia	Germany
23	0.0140236506973924	G12_25_2E6_YaleRun1.Tf	forsythia	Germany
24	0.0155416730153893	G12_25_2E6_YaleRun1.Tf	forsythia	Germany
25	0.0133876144993345	G12_25_2E6_YaleRun1.Tf	forsythia	Germany
1	0.0129294421869228	G12_25_2E6_YaleRun1.Ts	serpentiformis	Germany
2	0.0799023028611305	G12_25_2E6_YaleRun1.Ts	serpentiformis	Germany
3	0.0345533075699022	G12_25_2E6_YaleRun1.Ts	serpentiformis	Germany
4	0.0319942266057253	G12_25_2E6_YaleRun1.Ts	serpentiformis	Germany
5	0.0275590551181102	G12_25_2E6_YaleRun1.Ts	serpentiformis	Germany
6	0.0283123202831232	G12_25_2E6_YaleRun1.Ts	serpentiformis	Germany
7	0.0445920303605313	G12_25_2E6_YaleRun1.Ts	serpentiformis	Germany
8	0.0329113924050633	G12_25_2E6_YaleRun1.Ts	serpentiformis	Germany
9	0.0283229259589652	G12_25_2E6_YaleRun1.Ts	serpentiformis	Germany
10	0.0216097023153252	G12_25_2E6_YaleRun1.Ts	serpentiformis	Germany
11	0.020952380952381	G12_25_2E6_YaleRun1.Ts	serpentiformis	Germany
12	0.0172995780590717	G12_25_2E6_YaleRun1.Ts	serpentiformis	Germany
13	0.0203765227021041	G12_25_2E6_YaleRun1.Ts	serpentiformis	Germany
14	0.0198281559814937	G12_25_2E6_YaleRun1.Ts	serpentiformis	Germany
15	0.02091696598352	G12_25_2E6_YaleRun1.Ts	serpentiformis	Germany
16	0.021622878400372	G12_25_2E6_YaleRun1.Ts	serpentiformis	Germany
17	0.0236740268609151	G12_25_2E6_YaleRun1.Ts	serpentiformis	Germany
18	0.0179864005264312	G12_25_2E6_YaleRun1.Ts	serpentiformis	Germany
19	0.0162122328666175	G12_25_2E6_YaleRun1.Ts	serpentiformis	Germany
20	0.023604176123468	G12_25_2E6_YaleRun1.Ts	serpentiformis	Germany
21	0.0208062418725618	G12_25_2E6_YaleRun1.Ts	serpentiformis	Germany
22	0.0209129750393524	G12_25_2E6_YaleRun1.Ts	serpentiformis	Germany
23	0.021114497170222	G12_25_2E6_YaleRun1.Ts	serpentiformis	Germany
24	0.0211983560458577	G12_25_2E6_YaleRun1.Ts	serpentiformis	Germany
25	0.0194043321299639	G12_25_2E6_YaleRun1.Ts	serpentiformis	Germany
1	0.00508860153256705	G12_25_2E7_YaleRun1.Tf	forsythia	Germany
2	0.0402524929100723	G12_25_2E7_YaleRun1.Tf	forsythia	Germany
3	0.027115750771453	G12_25_2E7_YaleRun1.Tf	forsythia	Germany
4	0.0191293062099709	G12_25_2E7_YaleRun1.Tf	forsythia	Germany
5	0.0167717378375164	G12_25_2E7_YaleRun1.Tf	forsythia	Germany
6	0.0179622431982232	G12_25_2E7_YaleRun1.Tf	forsythia	Germany
7	0.020516717325228	G12_25_2E7_YaleRun1.Tf	forsythia	Germany
8	0.0148266423357664	G12_25_2E7_YaleRun1.Tf	forsythia	Germany
9	0.0156190990018883	G12_25_2E7_YaleRun1.Tf	forsythia	Germany
10	0.0133857005450465	G12_25_2E7_YaleRun1.Tf	forsythia	Germany
11	0.0136712237412471	G12_25_2E7_YaleRun1.Tf	forsythia	Germany
12	0.0133699445699035	G12_25_2E7_YaleRun1.Tf	forsythia	Germany
13	0.013355592654424	G12_25_2E7_YaleRun1.Tf	forsythia	Germany
14	0.012861136999068	G12_25_2E7_YaleRun1.Tf	forsythia	Germany
15	0.014133518924996	G12_25_2E7_YaleRun1.Tf	forsythia	Germany
16	0.0133285796560897	G12_25_2E7_YaleRun1.Tf	forsythia	Germany
17	0.0124958895100296	G12_25_2E7_YaleRun1.Tf	forsythia	Germany
18	0.0136834718773615	G12_25_2E7_YaleRun1.Tf	forsythia	Germany
19	0.0124492164828787	G12_25_2E7_YaleRun1.Tf	forsythia	Germany
20	0.0138210479573712	G12_25_2E7_YaleRun1.Tf	forsythia	Germany
21	0.0128428270042194	G12_25_2E7_YaleRun1.Tf	forsythia	Germany
22	0.0124443490854476	G12_25_2E7_YaleRun1.Tf	forsythia	Germany
23	0.0125049465769687	G12_25_2E7_YaleRun1.Tf	forsythia	Germany
24	0.0128542214431785	G12_25_2E7_YaleRun1.Tf	forsythia	Germany
25	0.0125491716992631	G12_25_2E7_YaleRun1.Tf	forsythia	Germany
1	0.00742784380305603	G12_25_2E7_YaleRun1.Ts	serpentiformis	Germany
2	0.0608989850169164	G12_25_2E7_YaleRun1.Ts	serpentiformis	Germany
3	0.0341508136603255	G12_25_2E7_YaleRun1.Ts	serpentiformis	Germany
4	0.0297007839240367	G12_25_2E7_YaleRun1.Ts	serpentiformis	Germany
5	0.0221890089675788	G12_25_2E7_YaleRun1.Ts	serpentiformis	Germany
6	0.0287712287712288	G12_25_2E7_YaleRun1.Ts	serpentiformis	Germany
7	0.0340164505785585	G12_25_2E7_YaleRun1.Ts	serpentiformis	Germany
8	0.0225301659125189	G12_25_2E7_YaleRun1.Ts	serpentiformis	Germany
9	0.0206380857427717	G12_25_2E7_YaleRun1.Ts	serpentiformis	Germany
10	0.0188891157851746	G12_25_2E7_YaleRun1.Ts	serpentiformis	Germany
11	0.0177394338891043	G12_25_2E7_YaleRun1.Ts	serpentiformis	Germany
12	0.0219131097560976	G12_25_2E7_YaleRun1.Ts	serpentiformis	Germany
13	0.0193834415919167	G12_25_2E7_YaleRun1.Ts	serpentiformis	Germany
14	0.0193508753967441	G12_25_2E7_YaleRun1.Ts	serpentiformis	Germany
15	0.0215311004784689	G12_25_2E7_YaleRun1.Ts	serpentiformis	Germany
16	0.0206825232678387	G12_25_2E7_YaleRun1.Ts	serpentiformis	Germany
17	0.0162089613875697	G12_25_2E7_YaleRun1.Ts	serpentiformis	Germany
18	0.0211309523809524	G12_25_2E7_YaleRun1.Ts	serpentiformis	Germany
19	0.017825311942959	G12_25_2E7_YaleRun1.Ts	serpentiformis	Germany
20	0.0193246753246753	G12_25_2E7_YaleRun1.Ts	serpentiformis	Germany
21	0.0200255227250417	G12_25_2E7_YaleRun1.Ts	serpentiformis	Germany
22	0.0174162483352116	G12_25_2E7_YaleRun1.Ts	serpentiformis	Germany
23	0.0184160209318708	G12_25_2E7_YaleRun1.Ts	serpentiformis	Germany
24	0.0188198392472064	G12_25_2E7_YaleRun1.Ts	serpentiformis	Germany
25	0.0215343203230148	G12_25_2E7_YaleRun1.Ts	serpentiformis	Germany
1	0.00581241743725231	G12_25_2E8_YaleRun1.Tf	forsythia	Germany
2	0.0420402470611676	G12_25_2E8_YaleRun1.Tf	forsythia	Germany
3	0.0260787401574803	G12_25_2E8_YaleRun1.Tf	forsythia	Germany
4	0.0207663929548971	G12_25_2E8_YaleRun1.Tf	forsythia	Germany
5	0.0209838975529352	G12_25_2E8_YaleRun1.Tf	forsythia	Germany
6	0.018223509534154	G12_25_2E8_YaleRun1.Tf	forsythia	Germany
7	0.0221561105456823	G12_25_2E8_YaleRun1.Tf	forsythia	Germany
8	0.0201178170501278	G12_25_2E8_YaleRun1.Tf	forsythia	Germany
9	0.0181234228033953	G12_25_2E8_YaleRun1.Tf	forsythia	Germany
10	0.0148339607799067	G12_25_2E8_YaleRun1.Tf	forsythia	Germany
11	0.0138311830308332	G12_25_2E8_YaleRun1.Tf	forsythia	Germany
12	0.0159136737696877	G12_25_2E8_YaleRun1.Tf	forsythia	Germany
13	0.0151967130072607	G12_25_2E8_YaleRun1.Tf	forsythia	Germany
14	0.0118453865336658	G12_25_2E8_YaleRun1.Tf	forsythia	Germany
15	0.0148364617286726	G12_25_2E8_YaleRun1.Tf	forsythia	Germany
16	0.0136524719688607	G12_25_2E8_YaleRun1.Tf	forsythia	Germany
17	0.0145059445929803	G12_25_2E8_YaleRun1.Tf	forsythia	Germany
18	0.0134118046516892	G12_25_2E8_YaleRun1.Tf	forsythia	Germany
19	0.0128044785897207	G12_25_2E8_YaleRun1.Tf	forsythia	Germany
20	0.0117905444457288	G12_25_2E8_YaleRun1.Tf	forsythia	Germany
21	0.0129491563428443	G12_25_2E8_YaleRun1.Tf	forsythia	Germany
22	0.0121678241405039	G12_25_2E8_YaleRun1.Tf	forsythia	Germany
23	0.0151836552417104	G12_25_2E8_YaleRun1.Tf	forsythia	Germany
24	0.0147705491036193	G12_25_2E8_YaleRun1.Tf	forsythia	Germany
25	0.0128234750462107	G12_25_2E8_YaleRun1.Tf	forsythia	Germany
1	0.00786737847710031	G12_25_2E8_YaleRun1.Ts	serpentiformis	Germany
2	0.0633886255924171	G12_25_2E8_YaleRun1.Ts	serpentiformis	Germany
3	0.0369725125822687	G12_25_2E8_YaleRun1.Ts	serpentiformis	Germany
4	0.0284958273967026	G12_25_2E8_YaleRun1.Ts	serpentiformis	Germany
5	0.0315670800450958	G12_25_2E8_YaleRun1.Ts	serpentiformis	Germany
6	0.0285604013894249	G12_25_2E8_YaleRun1.Ts	serpentiformis	Germany
7	0.0320754716981132	G12_25_2E8_YaleRun1.Ts	serpentiformis	Germany
8	0.0248872858431019	G12_25_2E8_YaleRun1.Ts	serpentiformis	Germany
9	0.0255692422545726	G12_25_2E8_YaleRun1.Ts	serpentiformis	Germany
10	0.021726700971984	G12_25_2E8_YaleRun1.Ts	serpentiformis	Germany
11	0.0218195266272189	G12_25_2E8_YaleRun1.Ts	serpentiformis	Germany
12	0.0199246095853527	G12_25_2E8_YaleRun1.Ts	serpentiformis	Germany
13	0.0218299164768413	G12_25_2E8_YaleRun1.Ts	serpentiformis	Germany
14	0.0207263738353299	G12_25_2E8_YaleRun1.Ts	serpentiformis	Germany
15	0.0210409745293466	G12_25_2E8_YaleRun1.Ts	serpentiformis	Germany
16	0.0180547466511357	G12_25_2E8_YaleRun1.Ts	serpentiformis	Germany
17	0.0196569666602428	G12_25_2E8_YaleRun1.Ts	serpentiformis	Germany
18	0.0169769989047097	G12_25_2E8_YaleRun1.Ts	serpentiformis	Germany
19	0.0236986023901155	G12_25_2E8_YaleRun1.Ts	serpentiformis	Germany
20	0.0253974408685537	G12_25_2E8_YaleRun1.Ts	serpentiformis	Germany
21	0.0201304753028891	G12_25_2E8_YaleRun1.Ts	serpentiformis	Germany
22	0.0186502595654682	G12_25_2E8_YaleRun1.Ts	serpentiformis	Germany
23	0.0168224299065421	G12_25_2E8_YaleRun1.Ts	serpentiformis	Germany
24	0.0190755685986794	G12_25_2E8_YaleRun1.Ts	serpentiformis	Germany
25	0.0180392156862745	G12_25_2E8_YaleRun1.Ts	serpentiformis	Germany
1	0.00493759429433548	G12_2E5_YaleRun2.Tf	forsythia	Germany
2	0.0430903155603917	G12_2E5_YaleRun2.Tf	forsythia	Germany
3	0.0250821780763184	G12_2E5_YaleRun2.Tf	forsythia	Germany
4	0.0194285031085605	G12_2E5_YaleRun2.Tf	forsythia	Germany
5	0.0182165605095541	G12_2E5_YaleRun2.Tf	forsythia	Germany
6	0.0152552204176334	G12_2E5_YaleRun2.Tf	forsythia	Germany
7	0.0207976720301267	G12_2E5_YaleRun2.Tf	forsythia	Germany
8	0.0152273453306357	G12_2E5_YaleRun2.Tf	forsythia	Germany
9	0.0161400707197445	G12_2E5_YaleRun2.Tf	forsythia	Germany
10	0.0136195493778724	G12_2E5_YaleRun2.Tf	forsythia	Germany
11	0.0112305212251478	G12_2E5_YaleRun2.Tf	forsythia	Germany
12	0.0129303378050752	G12_2E5_YaleRun2.Tf	forsythia	Germany
13	0.0116415083830001	G12_2E5_YaleRun2.Tf	forsythia	Germany
14	0.0118550299198374	G12_2E5_YaleRun2.Tf	forsythia	Germany
15	0.0116876517418553	G12_2E5_YaleRun2.Tf	forsythia	Germany
16	0.0123442480440452	G12_2E5_YaleRun2.Tf	forsythia	Germany
17	0.0116447482764614	G12_2E5_YaleRun2.Tf	forsythia	Germany
18	0.0121146627232397	G12_2E5_YaleRun2.Tf	forsythia	Germany
19	0.0110013052396047	G12_2E5_YaleRun2.Tf	forsythia	Germany
20	0.0114075114075114	G12_2E5_YaleRun2.Tf	forsythia	Germany
21	0.0108068760848872	G12_2E5_YaleRun2.Tf	forsythia	Germany
22	0.0133243757697906	G12_2E5_YaleRun2.Tf	forsythia	Germany
23	0.0104125846722275	G12_2E5_YaleRun2.Tf	forsythia	Germany
24	0.0125435932050849	G12_2E5_YaleRun2.Tf	forsythia	Germany
25	0.0112781954887218	G12_2E5_YaleRun2.Tf	forsythia	Germany
1	0.00501113585746103	G12_2E5_YaleRun2.Ts	serpentiformis	Germany
2	0.0651031136271735	G12_2E5_YaleRun2.Ts	serpentiformis	Germany
3	0.0411034482758621	G12_2E5_YaleRun2.Ts	serpentiformis	Germany
4	0.0250131648235914	G12_2E5_YaleRun2.Ts	serpentiformis	Germany
5	0.0278335724533716	G12_2E5_YaleRun2.Ts	serpentiformis	Germany
6	0.0267202648380232	G12_2E5_YaleRun2.Ts	serpentiformis	Germany
7	0.0327102803738318	G12_2E5_YaleRun2.Ts	serpentiformis	Germany
8	0.0281229561805101	G12_2E5_YaleRun2.Ts	serpentiformis	Germany
9	0.0251677852348993	G12_2E5_YaleRun2.Ts	serpentiformis	Germany
10	0.0185909980430528	G12_2E5_YaleRun2.Ts	serpentiformis	Germany
11	0.0184300341296928	G12_2E5_YaleRun2.Ts	serpentiformis	Germany
12	0.0198511166253102	G12_2E5_YaleRun2.Ts	serpentiformis	Germany
13	0.0170386369090473	G12_2E5_YaleRun2.Ts	serpentiformis	Germany
14	0.0192214111922141	G12_2E5_YaleRun2.Ts	serpentiformis	Germany
15	0.0226090888537192	G12_2E5_YaleRun2.Ts	serpentiformis	Germany
16	0.0225281602002503	G12_2E5_YaleRun2.Ts	serpentiformis	Germany
17	0.0198529411764706	G12_2E5_YaleRun2.Ts	serpentiformis	Germany
18	0.020979020979021	G12_2E5_YaleRun2.Ts	serpentiformis	Germany
19	0.0148501723680721	G12_2E5_YaleRun2.Ts	serpentiformis	Germany
20	0.0169034786869182	G12_2E5_YaleRun2.Ts	serpentiformis	Germany
21	0.0192263675898375	G12_2E5_YaleRun2.Ts	serpentiformis	Germany
22	0.0197512801755669	G12_2E5_YaleRun2.Ts	serpentiformis	Germany
23	0.0167519776640298	G12_2E5_YaleRun2.Ts	serpentiformis	Germany
24	0.0265711645101664	G12_2E5_YaleRun2.Ts	serpentiformis	Germany
25	0.0156172533465543	G12_2E5_YaleRun2.Ts	serpentiformis	Germany
1	0.00550711335474989	G12_2E6_YaleRun2.Tf	forsythia	Germany
2	0.0479902557856273	G12_2E6_YaleRun2.Tf	forsythia	Germany
3	0.0314298362107127	G12_2E6_YaleRun2.Tf	forsythia	Germany
4	0.0209668803418803	G12_2E6_YaleRun2.Tf	forsythia	Germany
5	0.0199083357204239	G12_2E6_YaleRun2.Tf	forsythia	Germany
6	0.0199004975124378	G12_2E6_YaleRun2.Tf	forsythia	Germany
7	0.0227315779503694	G12_2E6_YaleRun2.Tf	forsythia	Germany
8	0.0171577769488997	G12_2E6_YaleRun2.Tf	forsythia	Germany
9	0.0194720334553058	G12_2E6_YaleRun2.Tf	forsythia	Germany
10	0.0155433813224615	G12_2E6_YaleRun2.Tf	forsythia	Germany
11	0.0126706852011318	G12_2E6_YaleRun2.Tf	forsythia	Germany
12	0.0150906656930753	G12_2E6_YaleRun2.Tf	forsythia	Germany
13	0.013265306122449	G12_2E6_YaleRun2.Tf	forsythia	Germany
14	0.0160379779317424	G12_2E6_YaleRun2.Tf	forsythia	Germany
15	0.0149689204617531	G12_2E6_YaleRun2.Tf	forsythia	Germany
16	0.0158605321798401	G12_2E6_YaleRun2.Tf	forsythia	Germany
17	0.0144099701415033	G12_2E6_YaleRun2.Tf	forsythia	Germany
18	0.0154159765575233	G12_2E6_YaleRun2.Tf	forsythia	Germany
19	0.0146334792122538	G12_2E6_YaleRun2.Tf	forsythia	Germany
20	0.0146110306700013	G12_2E6_YaleRun2.Tf	forsythia	Germany
21	0.015607300188798	G12_2E6_YaleRun2.Tf	forsythia	Germany
22	0.0165717244950803	G12_2E6_YaleRun2.Tf	forsythia	Germany
23	0.0128525081108061	G12_2E6_YaleRun2.Tf	forsythia	Germany
24	0.0140650508602286	G12_2E6_YaleRun2.Tf	forsythia	Germany
25	0.0121564482029598	G12_2E6_YaleRun2.Tf	forsythia	Germany
1	0.0107936507936508	G12_2E6_YaleRun2.Ts	serpentiformis	Germany
2	0.0720443349753695	G12_2E6_YaleRun2.Ts	serpentiformis	Germany
3	0.0302912621359223	G12_2E6_YaleRun2.Ts	serpentiformis	Germany
4	0.0295483326298016	G12_2E6_YaleRun2.Ts	serpentiformis	Germany
5	0.0261851015801354	G12_2E6_YaleRun2.Ts	serpentiformis	Germany
6	0.0265180630284397	G12_2E6_YaleRun2.Ts	serpentiformis	Germany
7	0.0361990950226244	G12_2E6_YaleRun2.Ts	serpentiformis	Germany
8	0.0301708469647401	G12_2E6_YaleRun2.Ts	serpentiformis	Germany
9	0.0240062967335695	G12_2E6_YaleRun2.Ts	serpentiformis	Germany
10	0.020108275328693	G12_2E6_YaleRun2.Ts	serpentiformis	Germany
11	0.0192168237853517	G12_2E6_YaleRun2.Ts	serpentiformis	Germany
12	0.0164956011730205	G12_2E6_YaleRun2.Ts	serpentiformis	Germany
13	0.0156130997715156	G12_2E6_YaleRun2.Ts	serpentiformis	Germany
14	0.0175840978593272	G12_2E6_YaleRun2.Ts	serpentiformis	Germany
15	0.0228841264075554	G12_2E6_YaleRun2.Ts	serpentiformis	Germany
16	0.0219333874898457	G12_2E6_YaleRun2.Ts	serpentiformis	Germany
17	0.0231918238993711	G12_2E6_YaleRun2.Ts	serpentiformis	Germany
18	0.0170390003786445	G12_2E6_YaleRun2.Ts	serpentiformis	Germany
19	0.014957264957265	G12_2E6_YaleRun2.Ts	serpentiformis	Germany
20	0.0209140201394268	G12_2E6_YaleRun2.Ts	serpentiformis	Germany
21	0.0192452830188679	G12_2E6_YaleRun2.Ts	serpentiformis	Germany
22	0.0201827875095202	G12_2E6_YaleRun2.Ts	serpentiformis	Germany
23	0.0206975852817171	G12_2E6_YaleRun2.Ts	serpentiformis	Germany
24	0.0201520912547529	G12_2E6_YaleRun2.Ts	serpentiformis	Germany
25	0.0150853513298928	G12_2E6_YaleRun2.Ts	serpentiformis	Germany
1	0.00470979360022164	G12_2E7_YaleRun2.Tf	forsythia	Germany
2	0.0411058946270214	G12_2E7_YaleRun2.Tf	forsythia	Germany
3	0.0245349348176359	G12_2E7_YaleRun2.Tf	forsythia	Germany
4	0.018515055171124	G12_2E7_YaleRun2.Tf	forsythia	Germany
5	0.0140230810520666	G12_2E7_YaleRun2.Tf	forsythia	Germany
6	0.0164555389965226	G12_2E7_YaleRun2.Tf	forsythia	Germany
7	0.0209339774557166	G12_2E7_YaleRun2.Tf	forsythia	Germany
8	0.0138958928671485	G12_2E7_YaleRun2.Tf	forsythia	Germany
9	0.0139985642498205	G12_2E7_YaleRun2.Tf	forsythia	Germany
10	0.013674090881949	G12_2E7_YaleRun2.Tf	forsythia	Germany
11	0.0134454743105619	G12_2E7_YaleRun2.Tf	forsythia	Germany
12	0.0123101247953018	G12_2E7_YaleRun2.Tf	forsythia	Germany
13	0.0125841900035448	G12_2E7_YaleRun2.Tf	forsythia	Germany
14	0.0130788894833839	G12_2E7_YaleRun2.Tf	forsythia	Germany
15	0.0128867509947146	G12_2E7_YaleRun2.Tf	forsythia	Germany
16	0.0130186154033337	G12_2E7_YaleRun2.Tf	forsythia	Germany
17	0.0110665207345251	G12_2E7_YaleRun2.Tf	forsythia	Germany
18	0.0147533150161271	G12_2E7_YaleRun2.Tf	forsythia	Germany
19	0.0117023340014224	G12_2E7_YaleRun2.Tf	forsythia	Germany
20	0.012241112828439	G12_2E7_YaleRun2.Tf	forsythia	Germany
21	0.0127589839634789	G12_2E7_YaleRun2.Tf	forsythia	Germany
22	0.0116529221943349	G12_2E7_YaleRun2.Tf	forsythia	Germany
23	0.0107058823529412	G12_2E7_YaleRun2.Tf	forsythia	Germany
24	0.013898746155666	G12_2E7_YaleRun2.Tf	forsythia	Germany
25	0.0124083129584352	G12_2E7_YaleRun2.Tf	forsythia	Germany
1	0.00721847930702599	G12_2E7_YaleRun2.Ts	serpentiformis	Germany
2	0.0610714285714286	G12_2E7_YaleRun2.Ts	serpentiformis	Germany
3	0.0293754628486793	G12_2E7_YaleRun2.Ts	serpentiformis	Germany
4	0.0293339745131041	G12_2E7_YaleRun2.Ts	serpentiformis	Germany
5	0.0223938223938224	G12_2E7_YaleRun2.Ts	serpentiformis	Germany
6	0.0296748854462143	G12_2E7_YaleRun2.Ts	serpentiformis	Germany
7	0.0309405940594059	G12_2E7_YaleRun2.Ts	serpentiformis	Germany
8	0.0229555236728838	G12_2E7_YaleRun2.Ts	serpentiformis	Germany
9	0.0195907705703091	G12_2E7_YaleRun2.Ts	serpentiformis	Germany
10	0.0157091561938959	G12_2E7_YaleRun2.Ts	serpentiformis	Germany
11	0.0163377890939953	G12_2E7_YaleRun2.Ts	serpentiformis	Germany
12	0.0216061964940889	G12_2E7_YaleRun2.Ts	serpentiformis	Germany
13	0.0169529837251356	G12_2E7_YaleRun2.Ts	serpentiformis	Germany
14	0.0193171608265948	G12_2E7_YaleRun2.Ts	serpentiformis	Germany
15	0.0224719101123596	G12_2E7_YaleRun2.Ts	serpentiformis	Germany
16	0.0234181490655258	G12_2E7_YaleRun2.Ts	serpentiformis	Germany
17	0.0182514646237044	G12_2E7_YaleRun2.Ts	serpentiformis	Germany
18	0.0181064572425829	G12_2E7_YaleRun2.Ts	serpentiformis	Germany
19	0.0178837555886736	G12_2E7_YaleRun2.Ts	serpentiformis	Germany
20	0.0185730464326161	G12_2E7_YaleRun2.Ts	serpentiformis	Germany
21	0.0217438105489774	G12_2E7_YaleRun2.Ts	serpentiformis	Germany
22	0.0191408858223904	G12_2E7_YaleRun2.Ts	serpentiformis	Germany
23	0.0194260485651214	G12_2E7_YaleRun2.Ts	serpentiformis	Germany
24	0.0171342899978582	G12_2E7_YaleRun2.Ts	serpentiformis	Germany
25	0.0205685232262538	G12_2E7_YaleRun2.Ts	serpentiformis	Germany
1	0.00609842575521203	G12_2E8_YaleRun2.Tf	forsythia	Germany
2	0.0415588615782665	G12_2E8_YaleRun2.Tf	forsythia	Germany
3	0.0238755696453339	G12_2E8_YaleRun2.Tf	forsythia	Germany
4	0.0212090068205176	G12_2E8_YaleRun2.Tf	forsythia	Germany
5	0.0195335858082519	G12_2E8_YaleRun2.Tf	forsythia	Germany
6	0.019192208536236	G12_2E8_YaleRun2.Tf	forsythia	Germany
7	0.0221696350728609	G12_2E8_YaleRun2.Tf	forsythia	Germany
8	0.0164164691423053	G12_2E8_YaleRun2.Tf	forsythia	Germany
9	0.0162191385835286	G12_2E8_YaleRun2.Tf	forsythia	Germany
10	0.0141597648944697	G12_2E8_YaleRun2.Tf	forsythia	Germany
11	0.0119677391379759	G12_2E8_YaleRun2.Tf	forsythia	Germany
12	0.0144828177221699	G12_2E8_YaleRun2.Tf	forsythia	Germany
13	0.0144760213143872	G12_2E8_YaleRun2.Tf	forsythia	Germany
14	0.0137765531952715	G12_2E8_YaleRun2.Tf	forsythia	Germany
15	0.0144927536231884	G12_2E8_YaleRun2.Tf	forsythia	Germany
16	0.0135394748879334	G12_2E8_YaleRun2.Tf	forsythia	Germany
17	0.0142715201878782	G12_2E8_YaleRun2.Tf	forsythia	Germany
18	0.012914798206278	G12_2E8_YaleRun2.Tf	forsythia	Germany
19	0.013164125390662	G12_2E8_YaleRun2.Tf	forsythia	Germany
20	0.0115675380271427	G12_2E8_YaleRun2.Tf	forsythia	Germany
21	0.0117129018053721	G12_2E8_YaleRun2.Tf	forsythia	Germany
22	0.0123847405532453	G12_2E8_YaleRun2.Tf	forsythia	Germany
23	0.0145003954653309	G12_2E8_YaleRun2.Tf	forsythia	Germany
24	0.015150172765128	G12_2E8_YaleRun2.Tf	forsythia	Germany
25	0.0128356850250341	G12_2E8_YaleRun2.Tf	forsythia	Germany
1	0.00746887966804979	G12_2E8_YaleRun2.Ts	serpentiformis	Germany
2	0.0642082429501085	G12_2E8_YaleRun2.Ts	serpentiformis	Germany
3	0.037452159650082	G12_2E8_YaleRun2.Ts	serpentiformis	Germany
4	0.0347039953339166	G12_2E8_YaleRun2.Ts	serpentiformis	Germany
5	0.025215448451963	G12_2E8_YaleRun2.Ts	serpentiformis	Germany
6	0.0261526017794554	G12_2E8_YaleRun2.Ts	serpentiformis	Germany
7	0.0316901408450704	G12_2E8_YaleRun2.Ts	serpentiformis	Germany
8	0.027041218167498	G12_2E8_YaleRun2.Ts	serpentiformis	Germany
9	0.0272310595847938	G12_2E8_YaleRun2.Ts	serpentiformis	Germany
10	0.0184331797235023	G12_2E8_YaleRun2.Ts	serpentiformis	Germany
11	0.020684168655529	G12_2E8_YaleRun2.Ts	serpentiformis	Germany
12	0.0188536953242836	G12_2E8_YaleRun2.Ts	serpentiformis	Germany
13	0.0205749718151071	G12_2E8_YaleRun2.Ts	serpentiformis	Germany
14	0.0204532891100055	G12_2E8_YaleRun2.Ts	serpentiformis	Germany
15	0.0226798748696559	G12_2E8_YaleRun2.Ts	serpentiformis	Germany
16	0.0169209431345354	G12_2E8_YaleRun2.Ts	serpentiformis	Germany
17	0.0190156599552573	G12_2E8_YaleRun2.Ts	serpentiformis	Germany
18	0.018610747051114	G12_2E8_YaleRun2.Ts	serpentiformis	Germany
19	0.0254534815681685	G12_2E8_YaleRun2.Ts	serpentiformis	Germany
20	0.0256556442417332	G12_2E8_YaleRun2.Ts	serpentiformis	Germany
21	0.0219055159672737	G12_2E8_YaleRun2.Ts	serpentiformis	Germany
22	0.0182452374563993	G12_2E8_YaleRun2.Ts	serpentiformis	Germany
23	0.0189086980010805	G12_2E8_YaleRun2.Ts	serpentiformis	Germany
24	0.020125457396759	G12_2E8_YaleRun2.Ts	serpentiformis	Germany
25	0.019690576652602	G12_2E8_YaleRun2.Ts	serpentiformis	Germany
1	0.00501242576134114	G12_pub.Tf	forsythia	Germany
2	0.0444469407623755	G12_pub.Tf	forsythia	Germany
3	0.0267389248191416	G12_pub.Tf	forsythia	Germany
4	0.0203146649979886	G12_pub.Tf	forsythia	Germany
5	0.0174816137597218	G12_pub.Tf	forsythia	Germany
6	0.0168011495523378	G12_pub.Tf	forsythia	Germany
7	0.0222356861557104	G12_pub.Tf	forsythia	Germany
8	0.0166753413140089	G12_pub.Tf	forsythia	Germany
9	0.0171526220228559	G12_pub.Tf	forsythia	Germany
10	0.0148773199781154	G12_pub.Tf	forsythia	Germany
11	0.0135837157122355	G12_pub.Tf	forsythia	Germany
12	0.0149838311205736	G12_pub.Tf	forsythia	Germany
13	0.0131170899337859	G12_pub.Tf	forsythia	Germany
14	0.01300204077339	G12_pub.Tf	forsythia	Germany
15	0.0136452652193139	G12_pub.Tf	forsythia	Germany
16	0.01476475399251	G12_pub.Tf	forsythia	Germany
17	0.0125212452399905	G12_pub.Tf	forsythia	Germany
18	0.0130746609685404	G12_pub.Tf	forsythia	Germany
19	0.0127241576242147	G12_pub.Tf	forsythia	Germany
20	0.0120728328275498	G12_pub.Tf	forsythia	Germany
21	0.0133587786259542	G12_pub.Tf	forsythia	Germany
22	0.012666511853744	G12_pub.Tf	forsythia	Germany
23	0.0131827523926177	G12_pub.Tf	forsythia	Germany
24	0.0137173346777582	G12_pub.Tf	forsythia	Germany
25	0.0128556329673648	G12_pub.Tf	forsythia	Germany
1	0.0062062590783045	G12_pub.Ts	serpentiformis	Germany
2	0.0705949656750572	G12_pub.Ts	serpentiformis	Germany
3	0.0390606653620352	G12_pub.Ts	serpentiformis	Germany
4	0.0289945929002429	G12_pub.Ts	serpentiformis	Germany
5	0.0284190349195766	G12_pub.Ts	serpentiformis	Germany
6	0.0277578023874587	G12_pub.Ts	serpentiformis	Germany
7	0.0365343402387999	G12_pub.Ts	serpentiformis	Germany
8	0.029126213592233	G12_pub.Ts	serpentiformis	Germany
9	0.0262760060470808	G12_pub.Ts	serpentiformis	Germany
10	0.0216375530155992	G12_pub.Ts	serpentiformis	Germany
11	0.0202870549268562	G12_pub.Ts	serpentiformis	Germany
12	0.0207321245295929	G12_pub.Ts	serpentiformis	Germany
13	0.0192	G12_pub.Ts	serpentiformis	Germany
14	0.0188856051322713	G12_pub.Ts	serpentiformis	Germany
15	0.0227304323647991	G12_pub.Ts	serpentiformis	Germany
16	0.0206269407067869	G12_pub.Ts	serpentiformis	Germany
17	0.019563305978898	G12_pub.Ts	serpentiformis	Germany
18	0.0207027674107457	G12_pub.Ts	serpentiformis	Germany
19	0.0192613817255651	G12_pub.Ts	serpentiformis	Germany
20	0.0225331369661267	G12_pub.Ts	serpentiformis	Germany
21	0.0219074862206098	G12_pub.Ts	serpentiformis	Germany
22	0.0203963546940547	G12_pub.Ts	serpentiformis	Germany
23	0.0203045685279188	G12_pub.Ts	serpentiformis	Germany
24	0.0227161529321311	G12_pub.Ts	serpentiformis	Germany
25	0.0200311595815713	G12_pub.Ts	serpentiformis	Germany
1	0.00704599840467961	G12.Tf	forsythia	Germany
2	0.0538259305382593	G12.Tf	forsythia	Germany
3	0.0367792386353871	G12.Tf	forsythia	Germany
4	0.0257055262951026	G12.Tf	forsythia	Germany
5	0.0241745283018868	G12.Tf	forsythia	Germany
6	0.0222489959839357	G12.Tf	forsythia	Germany
7	0.0277623542476402	G12.Tf	forsythia	Germany
8	0.0204735883424408	G12.Tf	forsythia	Germany
9	0.0225644153072115	G12.Tf	forsythia	Germany
10	0.0188849597471974	G12.Tf	forsythia	Germany
11	0.0154113305838941	G12.Tf	forsythia	Germany
12	0.018115683617431	G12.Tf	forsythia	Germany
13	0.0161145926589078	G12.Tf	forsythia	Germany
14	0.0163051721522827	G12.Tf	forsythia	Germany
15	0.0176536312849162	G12.Tf	forsythia	Germany
16	0.0167904673475704	G12.Tf	forsythia	Germany
17	0.016180735765532	G12.Tf	forsythia	Germany
18	0.016191904047976	G12.Tf	forsythia	Germany
19	0.0172966047405509	G12.Tf	forsythia	Germany
20	0.0156528477334367	G12.Tf	forsythia	Germany
21	0.016940375795236	G12.Tf	forsythia	Germany
22	0.0177946768060837	G12.Tf	forsythia	Germany
23	0.0143820891096449	G12.Tf	forsythia	Germany
24	0.0159534814373043	G12.Tf	forsythia	Germany
25	0.0138718577559779	G12.Tf	forsythia	Germany
1	0.0128939828080229	G12.Ts	serpentiformis	Germany
2	0.0787878787878788	G12.Ts	serpentiformis	Germany
3	0.0357221126451896	G12.Ts	serpentiformis	Germany
4	0.0329389932730225	G12.Ts	serpentiformis	Germany
5	0.0286075949367089	G12.Ts	serpentiformis	Germany
6	0.0280153977758768	G12.Ts	serpentiformis	Germany
7	0.0434649525558616	G12.Ts	serpentiformis	Germany
8	0.0328733766233766	G12.Ts	serpentiformis	Germany
9	0.0286267757210504	G12.Ts	serpentiformis	Germany
10	0.0217530390275112	G12.Ts	serpentiformis	Germany
11	0.0208035896389965	G12.Ts	serpentiformis	Germany
12	0.0177333876885446	G12.Ts	serpentiformis	Germany
13	0.020145735105015	G12.Ts	serpentiformis	Germany
14	0.0199872421858388	G12.Ts	serpentiformis	Germany
15	0.0213241267262388	G12.Ts	serpentiformis	Germany
16	0.022456770716371	G12.Ts	serpentiformis	Germany
17	0.0235890652557319	G12.Ts	serpentiformis	Germany
18	0.0181702936826537	G12.Ts	serpentiformis	Germany
19	0.0161366872330328	G12.Ts	serpentiformis	Germany
20	0.0238147258029277	G12.Ts	serpentiformis	Germany
21	0.0208768267223382	G12.Ts	serpentiformis	Germany
22	0.0202673566192324	G12.Ts	serpentiformis	Germany
23	0.0206663854913539	G12.Ts	serpentiformis	Germany
24	0.021294363256785	G12.Ts	serpentiformis	Germany
25	0.0196335078534031	G12.Ts	serpentiformis	Germany
1	0.0401035064377233	MID067.A0101.Tf	forsythia	The Netherlands
2	0.0147359672676128	MID067.A0101.Tf	forsythia	The Netherlands
3	0.0111757181067566	MID067.A0101.Tf	forsythia	The Netherlands
4	0.0104552720383636	MID067.A0101.Tf	forsythia	The Netherlands
5	0.00939617991373999	MID067.A0101.Tf	forsythia	The Netherlands
6	0.00999454420931663	MID067.A0101.Tf	forsythia	The Netherlands
7	0.0105795429441076	MID067.A0101.Tf	forsythia	The Netherlands
8	0.0092801348181549	MID067.A0101.Tf	forsythia	The Netherlands
9	0.00956621407159231	MID067.A0101.Tf	forsythia	The Netherlands
10	0.00880932405160881	MID067.A0101.Tf	forsythia	The Netherlands
11	0.00803078467458591	MID067.A0101.Tf	forsythia	The Netherlands
12	0.00857876032081772	MID067.A0101.Tf	forsythia	The Netherlands
13	0.00878165708973196	MID067.A0101.Tf	forsythia	The Netherlands
14	0.00799928895209315	MID067.A0101.Tf	forsythia	The Netherlands
15	0.0086170862673226	MID067.A0101.Tf	forsythia	The Netherlands
16	0.00887734232491294	MID067.A0101.Tf	forsythia	The Netherlands
17	0.00836274359367807	MID067.A0101.Tf	forsythia	The Netherlands
18	0.00894167326471365	MID067.A0101.Tf	forsythia	The Netherlands
19	0.00793659493768019	MID067.A0101.Tf	forsythia	The Netherlands
20	0.00806258828642834	MID067.A0101.Tf	forsythia	The Netherlands
21	0.00841784042431728	MID067.A0101.Tf	forsythia	The Netherlands
22	0.00829893547686292	MID067.A0101.Tf	forsythia	The Netherlands
23	0.00809549647314162	MID067.A0101.Tf	forsythia	The Netherlands
24	0.00845099884949273	MID067.A0101.Tf	forsythia	The Netherlands
25	0.0082701359832636	MID067.A0101.Tf	forsythia	The Netherlands
1	0.0331752337248724	MID070.A0101.Tf	forsythia	The Netherlands
2	0.00909585946796281	MID070.A0101.Tf	forsythia	The Netherlands
3	0.00858945792866498	MID070.A0101.Tf	forsythia	The Netherlands
4	0.00713775259809029	MID070.A0101.Tf	forsythia	The Netherlands
5	0.00705470414226699	MID070.A0101.Tf	forsythia	The Netherlands
6	0.00813877502524803	MID070.A0101.Tf	forsythia	The Netherlands
7	0.0073736602322703	MID070.A0101.Tf	forsythia	The Netherlands
8	0.0071741460656139	MID070.A0101.Tf	forsythia	The Netherlands
9	0.006805311785939	MID070.A0101.Tf	forsythia	The Netherlands
10	0.00710976872041131	MID070.A0101.Tf	forsythia	The Netherlands
11	0.00674934474413619	MID070.A0101.Tf	forsythia	The Netherlands
12	0.00688432851129473	MID070.A0101.Tf	forsythia	The Netherlands
13	0.00731637175626755	MID070.A0101.Tf	forsythia	The Netherlands
14	0.0068751200848739	MID070.A0101.Tf	forsythia	The Netherlands
15	0.00693498249936769	MID070.A0101.Tf	forsythia	The Netherlands
16	0.00659762050285925	MID070.A0101.Tf	forsythia	The Netherlands
17	0.00663320932477758	MID070.A0101.Tf	forsythia	The Netherlands
18	0.00685441450190176	MID070.A0101.Tf	forsythia	The Netherlands
19	0.00653703074641458	MID070.A0101.Tf	forsythia	The Netherlands
20	0.00676303095545275	MID070.A0101.Tf	forsythia	The Netherlands
21	0.00653180951159697	MID070.A0101.Tf	forsythia	The Netherlands
22	0.00678551651748448	MID070.A0101.Tf	forsythia	The Netherlands
23	0.00646729246352463	MID070.A0101.Tf	forsythia	The Netherlands
24	0.0067132374146826	MID070.A0101.Tf	forsythia	The Netherlands
25	0.00667029900771047	MID070.A0101.Tf	forsythia	The Netherlands
1	0.0551034503468364	MID072.A0101.Tf	forsythia	The Netherlands
2	0.00910789350770668	MID072.A0101.Tf	forsythia	The Netherlands
3	0.00918796992481203	MID072.A0101.Tf	forsythia	The Netherlands
4	0.00828854058448891	MID072.A0101.Tf	forsythia	The Netherlands
5	0.00770737207542691	MID072.A0101.Tf	forsythia	The Netherlands
6	0.00789140955398277	MID072.A0101.Tf	forsythia	The Netherlands
7	0.00795152209467964	MID072.A0101.Tf	forsythia	The Netherlands
8	0.00751108070321564	MID072.A0101.Tf	forsythia	The Netherlands
9	0.00761452461548455	MID072.A0101.Tf	forsythia	The Netherlands
10	0.00701539098422461	MID072.A0101.Tf	forsythia	The Netherlands
11	0.00718880338365741	MID072.A0101.Tf	forsythia	The Netherlands
12	0.0077517154259137	MID072.A0101.Tf	forsythia	The Netherlands
13	0.00717280545429	MID072.A0101.Tf	forsythia	The Netherlands
14	0.0072239724521943	MID072.A0101.Tf	forsythia	The Netherlands
15	0.00763667591679146	MID072.A0101.Tf	forsythia	The Netherlands
16	0.00707832863877173	MID072.A0101.Tf	forsythia	The Netherlands
17	0.00714052938407503	MID072.A0101.Tf	forsythia	The Netherlands
18	0.00720254339813747	MID072.A0101.Tf	forsythia	The Netherlands
19	0.00695703686579349	MID072.A0101.Tf	forsythia	The Netherlands
20	0.00673816690252645	MID072.A0101.Tf	forsythia	The Netherlands
21	0.00716390116456822	MID072.A0101.Tf	forsythia	The Netherlands
22	0.00746634026927785	MID072.A0101.Tf	forsythia	The Netherlands
23	0.00667353332475001	MID072.A0101.Tf	forsythia	The Netherlands
24	0.00763533792796799	MID072.A0101.Tf	forsythia	The Netherlands
25	0.00682247895383863	MID072.A0101.Tf	forsythia	The Netherlands
1	0.121131533736556	R31.Tf	forsythia	RIII
2	0.096031319567053	R31.Tf	forsythia	RIII
3	0.0925576709462427	R31.Tf	forsythia	RIII
4	0.0864563720306415	R31.Tf	forsythia	RIII
5	0.0863707787022488	R31.Tf	forsythia	RIII
6	0.0854631370357197	R31.Tf	forsythia	RIII
7	0.0839098358563296	R31.Tf	forsythia	RIII
8	0.0783759216240784	R31.Tf	forsythia	RIII
9	0.0751125304901049	R31.Tf	forsythia	RIII
10	0.0726119758377823	R31.Tf	forsythia	RIII
11	0.0687169990740973	R31.Tf	forsythia	RIII
12	0.067551697727853	R31.Tf	forsythia	RIII
13	0.0637470323786432	R31.Tf	forsythia	RIII
14	0.0638479285785936	R31.Tf	forsythia	RIII
15	0.0610441563702653	R31.Tf	forsythia	RIII
16	0.0615009894961181	R31.Tf	forsythia	RIII
17	0.0584113909746114	R31.Tf	forsythia	RIII
18	0.0593796310491083	R31.Tf	forsythia	RIII
19	0.057954172245661	R31.Tf	forsythia	RIII
20	0.0582285401858939	R31.Tf	forsythia	RIII
21	0.0549601959583589	R31.Tf	forsythia	RIII
22	0.0537180569411404	R31.Tf	forsythia	RIII
23	0.0530846484935438	R31.Tf	forsythia	RIII
24	0.0522401410790503	R31.Tf	forsythia	RIII
25	0.0506942691239586	R31.Tf	forsythia	RIII
1	0.143321689727349	R32A.Tf	forsythia	RIII
2	0.111142421736825	R32A.Tf	forsythia	RIII
3	0.106053672040873	R32A.Tf	forsythia	RIII
4	0.102964645452454	R32A.Tf	forsythia	RIII
5	0.100837744961456	R32A.Tf	forsythia	RIII
6	0.0972921284181968	R32A.Tf	forsythia	RIII
7	0.0936196566209773	R32A.Tf	forsythia	RIII
8	0.088218919176306	R32A.Tf	forsythia	RIII
9	0.0832608214733427	R32A.Tf	forsythia	RIII
10	0.0803120427625049	R32A.Tf	forsythia	RIII
11	0.0753305136303858	R32A.Tf	forsythia	RIII
12	0.0724543949383556	R32A.Tf	forsythia	RIII
13	0.0711995671266559	R32A.Tf	forsythia	RIII
14	0.0693966443417425	R32A.Tf	forsythia	RIII
15	0.0669724533281096	R32A.Tf	forsythia	RIII
16	0.0660675132804568	R32A.Tf	forsythia	RIII
17	0.0643634504418961	R32A.Tf	forsythia	RIII
18	0.0620309564151689	R32A.Tf	forsythia	RIII
19	0.0613591775588102	R32A.Tf	forsythia	RIII
20	0.0604819198207081	R32A.Tf	forsythia	RIII
21	0.0579133591892721	R32A.Tf	forsythia	RIII
22	0.056469195445404	R32A.Tf	forsythia	RIII
23	0.0564040758189986	R32A.Tf	forsythia	RIII
24	0.055358341772105	R32A.Tf	forsythia	RIII
25	0.0535562566031045	R32A.Tf	forsythia	RIII
1	0.111989506637504	R32B.Tf	forsythia	RIII
2	0.0523167686841953	R32B.Tf	forsythia	RIII
3	0.0499497879359908	R32B.Tf	forsythia	RIII
4	0.0612609357302184	R32B.Tf	forsythia	RIII
5	0.0780451606063819	R32B.Tf	forsythia	RIII
6	0.0882873444423994	R32B.Tf	forsythia	RIII
7	0.0927988885744423	R32B.Tf	forsythia	RIII
8	0.0903237307472904	R32B.Tf	forsythia	RIII
9	0.0861020425851559	R32B.Tf	forsythia	RIII
10	0.084484749506279	R32B.Tf	forsythia	RIII
11	0.0796423624587403	R32B.Tf	forsythia	RIII
12	0.0762498279970162	R32B.Tf	forsythia	RIII
13	0.0750596386567094	R32B.Tf	forsythia	RIII
14	0.0731620846359622	R32B.Tf	forsythia	RIII
15	0.071558575612674	R32B.Tf	forsythia	RIII
16	0.0709508726120904	R32B.Tf	forsythia	RIII
17	0.0688946497398603	R32B.Tf	forsythia	RIII
18	0.0671179473676511	R32B.Tf	forsythia	RIII
19	0.066416208726265	R32B.Tf	forsythia	RIII
20	0.0651949059409141	R32B.Tf	forsythia	RIII
21	0.0624979524085136	R32B.Tf	forsythia	RIII
22	0.0610880849719025	R32B.Tf	forsythia	RIII
23	0.0601427556382706	R32B.Tf	forsythia	RIII
24	0.0584737182603356	R32B.Tf	forsythia	RIII
25	0.0578292919920805	R32B.Tf	forsythia	RIII
1	0.176952827512058	R33.Tf	forsythia	RIII
2	0.145041825712661	R33.Tf	forsythia	RIII
3	0.140462068107346	R33.Tf	forsythia	RIII
4	0.13437832528444	R33.Tf	forsythia	RIII
5	0.132327579259546	R33.Tf	forsythia	RIII
6	0.128329722151415	R33.Tf	forsythia	RIII
7	0.125058517765186	R33.Tf	forsythia	RIII
8	0.12141758259187	R33.Tf	forsythia	RIII
9	0.11384516800833	R33.Tf	forsythia	RIII
10	0.110331032943914	R33.Tf	forsythia	RIII
11	0.103734407198251	R33.Tf	forsythia	RIII
12	0.099429443908711	R33.Tf	forsythia	RIII
13	0.0967903791016247	R33.Tf	forsythia	RIII
14	0.0949047953474792	R33.Tf	forsythia	RIII
15	0.0923991772511545	R33.Tf	forsythia	RIII
16	0.0884455581084435	R33.Tf	forsythia	RIII
17	0.0863786331500393	R33.Tf	forsythia	RIII
18	0.0867372383725607	R33.Tf	forsythia	RIII
19	0.0842349427259584	R33.Tf	forsythia	RIII
20	0.0803608648801705	R33.Tf	forsythia	RIII
21	0.0772907092907093	R33.Tf	forsythia	RIII
22	0.0779790489736234	R33.Tf	forsythia	RIII
23	0.0759338544326172	R33.Tf	forsythia	RIII
24	0.0751291382482186	R33.Tf	forsythia	RIII
25	0.0720606725555992	R33.Tf	forsythia	RIII
1	0.0314336417059405	SMH008.A.Tf	forsythia	Germany
2	0.0289369890899838	SMH008.A.Tf	forsythia	Germany
3	0.0263602287410288	SMH008.A.Tf	forsythia	Germany
4	0.0223053352559481	SMH008.A.Tf	forsythia	Germany
5	0.0209250820965812	SMH008.A.Tf	forsythia	Germany
6	0.0216769168958803	SMH008.A.Tf	forsythia	Germany
7	0.021231843289689	SMH008.A.Tf	forsythia	Germany
8	0.0197130171644012	SMH008.A.Tf	forsythia	Germany
9	0.0216571710771973	SMH008.A.Tf	forsythia	Germany
10	0.0194987112920698	SMH008.A.Tf	forsythia	Germany
11	0.0186559666822945	SMH008.A.Tf	forsythia	Germany
12	0.0206960479639676	SMH008.A.Tf	forsythia	Germany
13	0.0197384272272915	SMH008.A.Tf	forsythia	Germany
14	0.0180347578970379	SMH008.A.Tf	forsythia	Germany
15	0.0195988659775661	SMH008.A.Tf	forsythia	Germany
16	0.0191155879323213	SMH008.A.Tf	forsythia	Germany
17	0.0179236019348034	SMH008.A.Tf	forsythia	Germany
18	0.0200436419948615	SMH008.A.Tf	forsythia	Germany
19	0.0186133796273656	SMH008.A.Tf	forsythia	Germany
20	0.0181683979986327	SMH008.A.Tf	forsythia	Germany
21	0.0199891414126672	SMH008.A.Tf	forsythia	Germany
22	0.0187161205254676	SMH008.A.Tf	forsythia	Germany
23	0.01753093872623	SMH008.A.Tf	forsythia	Germany
24	0.0200685695595545	SMH008.A.Tf	forsythia	Germany
25	0.0193018757040012	SMH008.A.Tf	forsythia	Germany
1	0.0431654676258993	SMH008.A0101.Tf	forsythia	Germany
2	0.0393700787401575	SMH008.A0101.Tf	forsythia	Germany
3	0.854324734446131	SMH008.A0101.Tf	forsythia	Germany
4	0.00638051044083527	SMH008.A0101.Tf	forsythia	Germany
5	0.790909090909091	SMH008.A0101.Tf	forsythia	Germany
6	0.171800947867299	SMH008.A0101.Tf	forsythia	Germany
7	0.132947976878613	SMH008.A0101.Tf	forsythia	Germany
8	0.125139664804469	SMH008.A0101.Tf	forsythia	Germany
9	0.12407211028632	SMH008.A0101.Tf	forsythia	Germany
10	0.0797872340425532	SMH008.A0101.Tf	forsythia	Germany
11	0.0612460401267159	SMH008.A0101.Tf	forsythia	Germany
12	0.0582417582417582	SMH008.A0101.Tf	forsythia	Germany
13	0.0495258166491043	SMH008.A0101.Tf	forsythia	Germany
14	0.0439223697650664	SMH008.A0101.Tf	forsythia	Germany
15	0.0514165792235047	SMH008.A0101.Tf	forsythia	Germany
16	0.0368421052631579	SMH008.A0101.Tf	forsythia	Germany
17	0.0418367346938776	SMH008.A0101.Tf	forsythia	Germany
18	0.0348004094165814	SMH008.A0101.Tf	forsythia	Germany
19	0.032934131736527	SMH008.A0101.Tf	forsythia	Germany
20	0.0261780104712042	SMH008.A0101.Tf	forsythia	Germany
21	0.0437436419125127	SMH008.A0101.Tf	forsythia	Germany
22	0.0243407707910751	SMH008.A0101.Tf	forsythia	Germany
23	0.0263157894736842	SMH008.A0101.Tf	forsythia	Germany
24	0.0270833333333333	SMH008.A0101.Tf	forsythia	Germany
25	0.0196850393700787	SMH008.A0101.Tf	forsythia	Germany
1	0.0314538591885268	SMH008.A0102.Tf	forsythia	Germany
2	0.0289294972724526	SMH008.A0102.Tf	forsythia	Germany
3	0.0263800933921832	SMH008.A0102.Tf	forsythia	Germany
4	0.0222986108428926	SMH008.A0102.Tf	forsythia	Germany
5	0.0209395426396553	SMH008.A0102.Tf	forsythia	Germany
6	0.0216766489272933	SMH008.A0102.Tf	forsythia	Germany
7	0.0212440864339599	SMH008.A0102.Tf	forsythia	Germany
8	0.0197002486559557	SMH008.A0102.Tf	forsythia	Germany
9	0.0216497142478606	SMH008.A0102.Tf	forsythia	Germany
10	0.0194977402044399	SMH008.A0102.Tf	forsythia	Germany
11	0.0186437891583504	SMH008.A0102.Tf	forsythia	Germany
12	0.0206888766094484	SMH008.A0102.Tf	forsythia	Germany
13	0.0197446051387868	SMH008.A0102.Tf	forsythia	Germany
14	0.01802294160154	SMH008.A0102.Tf	forsythia	Germany
15	0.0195982907989576	SMH008.A0102.Tf	forsythia	Germany
16	0.019121284456863	SMH008.A0102.Tf	forsythia	Germany
17	0.0179292286431247	SMH008.A0102.Tf	forsythia	Germany
18	0.0200500959096162	SMH008.A0102.Tf	forsythia	Germany
19	0.0186133796273656	SMH008.A0102.Tf	forsythia	Germany
20	0.0181504673745349	SMH008.A0102.Tf	forsythia	Germany
21	0.019987741163422	SMH008.A0102.Tf	forsythia	Germany
22	0.0187036833559194	SMH008.A0102.Tf	forsythia	Germany
23	0.0175298804780877	SMH008.A0102.Tf	forsythia	Germany
24	0.0200790781612283	SMH008.A0102.Tf	forsythia	Germany
25	0.0192835104559479	SMH008.A0102.Tf	forsythia	Germany
